date_num	date	a	b	close	d	e	f	g	h	i
1993,011475	4-Jan-1993	466466	337280.00	-40.28	97.64	-40.64	-40.27	97.64	-40.63	-41.15
1993,038696	14-Jan-1993	460890	334038.00	-44.20	100.97	-41.90	-44.19	100.96	-41.89	-41.74
1993,065918	24-Jan-1993	472125	342417.81	-44.17	97.73	-42.04	-44.15	97.72	-42.02	-41.32
1993,093018	2-Feb-1993	421381	306053.81	-46.32	101.99	-42.38	-46.30	101.97	-42.36	-41.23
1993,120239	12-Feb-1993	459550	331095.41	-40.91	99.63	-41.60	-40.87	99.62	-41.57	-40.12
1993,147339	22-Feb-1993	416487	300349.81	-39.32	98.01	-40.54	-39.28	98.00	-40.50	-38.81
1993,174561	4-Mar-1993	467982	337063.59	-38.86	96.18	-39.56	-38.82	96.17	-39.52	-37.63
1993,20166	14-Mar-1993	466077	335416.50	-37.62	96.20	-38.85	-37.57	96.18	-38.80	-36.72
1993,228882	24-Mar-1993	461213	331526.00	-37.80	96.14	-38.45	-37.74	96.11	-38.39	-36.11
1993,255981	3-Apr-1993	467274	340098.91	-45.73	107.39	-38.34	-45.66	107.37	-38.27	-35.76
1993,283203	13-Apr-1993	461744	331710.00	-39.55	94.35	-38.49	-39.48	94.32	-38.42	-35.62
1993,310303	23-Apr-1993	469833	338034.41	-36.22	93.55	-38.89	-36.13	93.51	-38.80	-35.68
1993,337524	3-May-1993	467661	337538.19	-38.38	93.32	-39.46	-38.29	93.28	-39.37	-35.92
1993,364746	13-May-1993	467936	336253.41	-41.33	93.72	-39.96	-41.23	93.68	-39.85	-36.09
1993,391846	23-May-1993	470043	337666.81	-42.35	93.96	-40.46	-42.24	93.92	-40.35	-36.34
1993,419067	1-Jun-1993	471722	339524.69	-42.08	93.66	-40.41	-41.96	93.62	-40.29	-36.15
1993,446167	11-Jun-1993	468852	338300.09	-39.13	93.89	-40.40	-39.00	93.85	-40.27	-36.15
1993,473389	21-Jun-1993	468773	339171.19	-39.16	92.85	-40.19	-39.03	92.81	-40.06	-36.14
1993,500488	1-Jul-1993	448244	326747.59	-39.82	91.41	-40.05	-39.69	91.37	-39.91	-36.42
1993,52771	11-Jul-1993	461234	336487.91	-41.09	93.27	-39.88	-40.94	93.23	-39.73	-36.88
1993,55481	21-Jul-1993	258734	192560.80	-37.32	99.00	-39.48	-37.17	98.97	-39.32	-37.31
1993,582031	31-Jul-1993	456886	334423.00	-39.97	95.83	-38.76	-39.81	95.80	-38.60	-37.59
1993,609131	10-Aug-1993	424745	310700.00	-39.50	96.82	-37.85	-39.34	96.79	-37.68	-37.80
1993,636353	20-Aug-1993	453729	333157.69	-35.68	95.90	-36.94	-35.50	95.88	-36.76	-38.05
1993,663574	30-Aug-1993	451302	331901.69	-34.51	95.04	-36.14	-34.33	95.02	-35.96	-38.39
1993,690674	9-Sep-1993	453813	333712.69	-36.13	92.84	-35.37	-35.94	92.81	-35.18	-38.66
1993,717896	19-Sep-1993	411294	303014.09	-37.06	93.70	-34.59	-36.86	93.68	-34.39	-38.76
1993,744995	28-Sep-1993	455695	334983.59	-33.18	92.68	-33.73	-32.97	92.66	-33.53	-38.56
1993,772217	8-Oct-1993	452877	332728.09	-29.57	92.93	-33.11	-29.36	92.92	-32.89	-38.33
1993,799316	18-Oct-1993	454650	332592.41	-31.83	91.09	-32.97	-31.61	91.08	-32.75	-38.31
1993,826538	28-Oct-1993	465492	345038.19	-35.90	100.18	-33.43	-35.67	100.15	-33.21	-38.63
1993,853638	7-Nov-1993	463414	337651.69	-34.04	91.19	-34.18	-33.81	91.17	-33.95	-38.97
1993,880859	17-Nov-1993	462117	335541.59	-35.48	91.81	-34.71	-35.24	91.77	-34.47	-38.89
1993,907959	27-Nov-1993	451860	327060.00	-37.29	91.71	-34.82	-37.04	91.66	-34.57	-38.24
1993,935181	7-Dec-1993	470802	340200.50	-35.80	90.78	-34.65	-35.54	90.73	-34.40	-37.23
1993,96228	17-Dec-1993	472633	339758.00	-30.41	90.90	-34.50	-30.15	90.85	-34.23	-36.20
1993,989502	27-Dec-1993	463199	333726.19	-33.56	91.44	-35.02	-33.28	91.38	-34.75	-35.89
1994,016724	6-Jan-1994	472732	340715.50	-37.04	91.08	-35.22	-36.76	91.00	-34.94	-35.32
1994,043823	15-Jan-1994	465775	336127.91	-35.12	89.20	-35.74	-34.84	89.12	-35.45	-35.18
1994,071045	25-Jan-1994	464596	335646.91	-33.14	88.74	-36.69	-32.84	88.64	-36.40	-35.61
1994,098145	4-Feb-1994	467066	335626.00	-38.84	89.91	-37.69	-38.54	89.80	-37.39	-36.19
1994,125366	14-Feb-1994	472856	340455.91	-42.11	90.92	-38.40	-41.80	90.80	-38.09	-36.59
1994,152466	24-Feb-1994	472073	340129.91	-41.12	92.52	-38.49	-40.80	92.40	-38.18	-36.45
1994,179688	6-Mar-1994	464135	333920.69	-37.06	92.56	-37.87	-36.74	92.43	-37.55	-35.62
1994,206787	16-Mar-1994	381477	277877.31	-41.48	98.68	-36.91	-41.16	98.55	-36.57	-34.46
1994,234009	26-Mar-1994	468379	337041.00	-32.31	89.47	-36.30	-31.97	89.34	-35.96	-33.64
1994,261108	5-Apr-1994	467859	336394.59	-35.95	90.05	-36.45	-35.60	89.92	-36.10	-33.53
1994,28833	15-Apr-1994	467848	336384.50	-36.50	90.51	-37.50	-36.14	90.36	-37.14	-34.28
1994,315552	25-Apr-1994	467646	335643.19	-37.94	90.14	-38.32	-37.58	89.99	-37.95	-34.77
1994,342651	5-May-1994	472393	340110.91	-39.68	89.10	-39.48	-39.31	88.96	-39.11	-35.60
1994,369873	15-May-1994	468079	336952.41	-41.44	90.85	-40.19	-41.06	90.72	-39.81	-36.00
1994,396973	24-May-1994	469184	338123.41	-43.95	92.34	-41.02	-43.56	92.21	-40.64	-36.60
1994,424194	3-Jun-1994	469231	338529.59	-41.64	89.76	-41.23	-41.25	89.62	-40.84	-36.69
1994,451294	13-Jun-1994	466690	337581.59	-38.83	89.61	-41.14	-38.44	89.48	-40.75	-36.65
1994,478516	23-Jun-1994	473869	349009.81	-47.26	98.12	-40.89	-46.86	97.99	-40.49	-36.64
1994,505615	3-Jul-1994	445229	324764.69	-43.55	90.63	-40.51	-43.14	90.50	-40.10	-36.71
1994,532837	13-Jul-1994	461562	336157.91	-39.37	90.38	-39.99	-38.95	90.26	-39.57	-36.86
1994,559937	23-Jul-1994	454521	334033.81	-38.91	93.69	-39.37	-38.49	93.59	-38.95	-37.12
1994,587158	2-Aug-1994	454380	333153.81	-38.92	95.31	-38.66	-38.49	95.23	-38.23	-37.43
1994,61438	12-Aug-1994	456252	335567.50	-39.09	96.17	-37.83	-38.65	96.09	-37.39	-37.73
1994,64148	22-Aug-1994	454271	334700.81	-36.84	97.15	-36.75	-36.39	97.08	-36.30	-37.81
1994,668701	1-Sep-1994	450951	333470.81	-36.33	98.00	-35.86	-35.87	97.95	-35.40	-38.04
1994,695801	10-Sep-1994	445430	328649.09	-32.85	98.83	-34.84	-32.39	98.81	-34.38	-38.05
1994,723023	20-Sep-1994	450743	332105.59	-33.76	101.27	-34.01	-33.29	101.25	-33.54	-38.05
1994,750122	30-Sep-1994	445853	328731.59	-34.46	97.98	-33.36	-33.98	97.95	-32.88	-38.01
1994,777344	10-Oct-1994	444457	325719.09	-32.35	97.40	-32.89	-31.86	97.37	-32.40	-37.88
1994,804443	20-Oct-1994	457269	334358.19	-30.57	97.25	-32.71	-30.08	97.21	-32.22	-37.78
1994,831665	30-Oct-1994	457991	335481.81	-32.03	99.09	-32.98	-31.53	99.03	-32.48	-37.84
1994,858765	9-Nov-1994	405793	301584.31	-26.29	105.21	-33.63	-25.78	105.18	-33.12	-38.04
1994,885986	19-Nov-1994	458377	332234.50	-34.84	101.01	-34.26	-34.32	100.95	-33.74	-38.03
1994,913208	29-Nov-1994	466734	337390.69	-37.72	99.00	-34.44	-37.20	98.91	-33.92	-37.44
1994,940308	9-Dec-1994	472968	340576.31	-34.40	96.19	-34.17	-33.87	96.09	-33.64	-36.31
1994,967529	19-Dec-1994	470799	339034.50	-32.64	96.88	-33.73	-32.11	96.77	-33.19	-35.00
1994,994629	29-Dec-1994	469958	338291.00	-32.04	99.09	-33.66	-31.49	98.96	-33.11	-34.10
1995,021851	7-Jan-1995	469492	338092.50	-32.28	99.86	-33.76	-31.73	99.73	-33.20	-33.45
1995,04895	17-Jan-1995	470727	339170.59	-34.56	96.15	-33.96	-34.00	95.98	-33.40	-33.03
1995,076172	27-Jan-1995	469786	338819.19	-31.74	98.87	-34.77	-31.17	98.68	-34.20	-33.32
1995,103272	6-Feb-1995	467623	336557.41	-36.58	96.99	-35.64	-36.01	96.79	-35.06	-33.80
1995,130493	16-Feb-1995	468770	337831.50	-41.08	97.09	-36.25	-40.50	96.87	-35.67	-34.12
1995,157593	26-Feb-1995	470010	338229.69	-36.51	95.34	-36.24	-35.92	95.15	-35.65	-33.88
1995,184815	8-Mar-1995	481954	350335.41	-35.18	103.29	-36.27	-34.59	103.10	-35.67	-33.71
1995,212036	18-Mar-1995	465180	333683.41	-31.25	96.28	-36.27	-30.64	96.05	-35.67	-33.52
1995,239136	28-Mar-1995	464885	334961.91	-37.68	94.34	-36.62	-37.07	94.12	-36.00	-33.64
1995,266357	7-Apr-1995	467738	336838.50	-38.70	93.75	-37.15	-38.08	93.51	-36.53	-33.91
1995,293457	17-Apr-1995	468635	337217.91	-38.02	93.45	-37.66	-37.39	93.21	-37.03	-34.12
1995,320679	27-Apr-1995	467176	335580.41	-37.53	91.59	-38.01	-36.89	91.36	-37.38	-34.14
1995,347778	6-May-1995	477242	349096.19	-43.88	98.01	-38.37	-43.24	97.79	-37.72	-34.15
1995,375	16-May-1995	468544	336928.41	-40.21	89.80	-38.67	-39.55	89.57	-38.01	-34.15
1995,4021	26-May-1995	466173	334466.50	-38.51	88.11	-38.84	-37.85	87.88	-38.18	-34.11
1995,429321	5-Jun-1995	454338	327613.41	-36.75	90.44	-39.05	-36.07	90.24	-38.38	-34.22
1995,456421	15-Jun-1995	472129	341332.41	-39.84	90.67	-39.34	-39.17	90.47	-38.67	-34.60
1995,483643	25-Jun-1995	466479	339065.59	-41.51	91.37	-39.63	-40.84	91.15	-38.96	-35.18
1995,510864	5-Jul-1995	469782	347253.50	-36.65	94.90	-39.47	-35.98	94.73	-38.78	-35.50
1995,537964	15-Jul-1995	458082	334454.69	-39.79	89.98	-39.43	-39.10	89.79	-38.73	-36.17
1995,565186	25-Jul-1995	460278	337564.50	-39.99	90.16	-38.75	-39.28	89.98	-38.05	-36.40
1995,592285	4-Aug-1995	460845	339030.00	-39.43	89.14	-37.71	-38.71	88.95	-37.00	-36.41
1995,619507	14-Aug-1995	453190	333974.09	-36.54	90.33	-36.04	-35.83	90.20	-35.32	-35.88
1995,646606	24-Aug-1995	454199	334442.09	-35.67	89.34	-34.57	-34.95	89.22	-33.85	-35.58
1995,673828	2-Sep-1995	447085	329387.41	-32.37	88.53	-32.86	-31.64	88.43	-32.13	-34.98
1995,700928	12-Sep-1995	455920	335485.81	-30.85	89.64	-31.07	-30.11	89.57	-30.33	-34.17
1995,728149	22-Sep-1995	455697	335249.00	-24.76	88.16	-30.32	-24.02	88.14	-29.58	-34.23
1995,755249	2-Oct-1995	459680	336937.69	-29.12	90.17	-29.32	-28.37	90.12	-28.57	-33.79
1995,782471	12-Oct-1995	459280	336474.41	-30.09	91.27	-29.25	-29.33	91.21	-28.49	-34.01
1995,809692	22-Oct-1995	466883	346764.69	-35.80	97.28	-29.41	-35.04	97.19	-28.64	-34.18
1995,836792	1-Nov-1995	459040	333905.41	-30.18	87.48	-29.56	-29.41	87.36	-28.79	-34.09
1995,864014	11-Nov-1995	465545	338451.91	-30.10	87.58	-29.69	-29.31	87.49	-28.90	-33.72
1995,891113	21-Nov-1995	408028	296512.19	-27.79	87.34	-29.96	-26.99	87.23	-29.16	-33.31
1995,918335	1-Dec-1995	1266	901.70	-49.44	90.65	-30.60	-48.49	90.29	-29.80	-33.16
1995,945435	11-Dec-1995	473615	340368.09	-32.24	88.34	-31.97	-31.43	88.18	-31.16	-33.67
1995,972656	21-Dec-1995	470141	337770.81	-28.39	85.37	-33.23	-27.57	85.19	-32.40	-34.05
1995,999756	30-Dec-1995	455388	326738.81	-34.89	87.73	-34.55	-34.06	87.46	-33.72	-34.56
1996,026856	9-Jan-1996	466900	335675.69	-37.62	88.85	-35.90	-36.79	88.58	-35.06	-35.19
1996,053955	19-Jan-1996	321333	229944.20	-39.82	90.01	-36.79	-38.97	89.69	-35.95	-35.47
1996,081055	29-Jan-1996	473198	340614.59	-40.32	91.07	-36.70	-39.48	90.74	-35.86	-34.91
1996,108154	8-Feb-1996	467287	336246.59	-33.59	90.90	-36.72	-32.73	90.59	-35.87	-34.55
1996,135254	18-Feb-1996	483278	350493.81	-36.92	96.04	-36.23	-36.07	95.73	-35.37	-33.78
1996,162354	28-Feb-1996	409744	294236.50	-34.13	90.01	-35.93	-33.27	89.68	-35.06	-33.25
1996,189453	9-Mar-1996	472347	339761.69	-37.42	91.53	-35.93	-36.55	91.18	-35.05	-33.06
1996,216553	19-Mar-1996	464808	333496.69	-35.54	91.09	-36.06	-34.65	90.72	-35.17	-32.99
1996,243652	29-Mar-1996	473782	340878.59	-35.69	92.81	-36.17	-34.79	92.41	-35.28	-32.88
1996,270752	8-Apr-1996	471257	337822.81	-36.88	91.52	-36.02	-35.97	91.14	-35.11	-32.45
1996,297852	18-Apr-1996	469153	336589.59	-38.36	89.17	-35.83	-37.44	88.76	-34.91	-31.94
1996,324951	27-Apr-1996	473313	339907.81	-34.57	87.62	-35.53	-33.64	87.27	-34.61	-31.32
1996,352051	7-May-1996	471861	339106.50	-33.65	89.40	-35.10	-32.73	89.05	-34.17	-30.55
1996,37915	17-May-1996	471345	338320.41	-35.21	88.78	-34.74	-34.28	88.46	-33.81	-29.91
1996,406128	27-May-1996	470530	338398.59	-33.92	88.20	-34.45	-32.97	87.91	-33.51	-29.41
1996,433228	6-Jun-1996	471151	338840.69	-35.02	87.99	-34.10	-34.07	87.67	-33.15	-28.99
1996,460327	16-Jun-1996	473320	348042.41	-34.79	92.78	-33.57	-33.84	92.47	-32.62	-28.58
1996,487427	26-Jun-1996	464414	336532.50	-32.72	87.91	-32.88	-31.76	87.63	-31.91	-28.19
1996,514526	6-Jul-1996	462991	336132.91	-33.63	86.76	-32.13	-32.66	86.53	-31.16	-27.97
1996,541626	16-Jul-1996	460621	336686.81	-32.01	88.22	-31.45	-31.03	88.04	-30.47	-28.02
1996,568726	26-Jul-1996	461391	338311.81	-28.12	88.56	-30.90	-27.15	88.42	-29.92	-28.40
1996,595825	5-Aug-1996	457970	335656.81	-30.33	87.35	-30.55	-29.35	87.17	-29.56	-29.11
1996,622925	14-Aug-1996	445853	328142.41	-31.13	87.75	-30.11	-30.14	87.62	-29.12	-29.83
1996,650024	24-Aug-1996	451140	332465.41	-30.22	89.15	-29.77	-29.22	89.03	-28.77	-30.64
1996,677124	3-Sep-1996	453787	335174.19	-31.95	90.14	-28.95	-30.95	90.05	-27.94	-30.92
1996,704224	13-Sep-1996	439071	324765.50	-27.89	89.57	-27.75	-26.89	89.51	-26.75	-30.70
1996,731323	23-Sep-1996	435372	321752.41	-23.72	91.32	-26.29	-22.68	91.29	-25.28	-30.01
1996,758423	3-Oct-1996	457197	336782.19	-24.60	88.27	-24.70	-23.59	88.25	-23.68	-28.95
1996,785523	13-Oct-1996	437494	327009.00	-26.63	92.81	-23.30	-25.61	92.76	-22.26	-27.79
1996,8125	23-Oct-1996	460333	338426.31	-21.15	88.42	-22.58	-20.11	88.40	-21.53	-27.06
1996,8396	2-Nov-1996	464439	340242.31	-18.49	88.18	-22.82	-17.44	88.19	-21.77	-27.03
1996,866699	12-Nov-1996	457850	335591.50	-21.58	91.06	-23.87	-20.53	91.02	-22.81	-27.57
1996,893799	22-Nov-1996	464925	339475.19	-28.31	90.08	-25.36	-27.24	89.95	-24.30	-28.38
1996,920898	2-Dec-1996	467706	338770.91	-27.57	88.75	-26.94	-26.49	88.57	-25.87	-29.15
1996,947998	11-Dec-1996	471980	340271.50	-26.82	87.87	-28.34	-25.74	87.65	-27.26	-29.69
1996,975098	21-Dec-1996	463122	333003.31	-31.00	92.00	-29.77	-29.91	91.73	-28.68	-30.25
1997,002197	31-Dec-1996	474409	341205.41	-32.62	92.51	-30.86	-31.53	92.26	-29.76	-30.53
1997,029419	10-Jan-1997	475281	341201.91	-30.61	92.05	-31.69	-29.50	91.82	-30.59	-30.65
1997,056519	20-Jan-1997	474346	342074.59	-34.42	93.58	-32.29	-33.30	93.29	-31.18	-30.65
1997,08374	30-Jan-1997	474995	342599.00	-32.29	92.27	-32.71	-31.17	91.95	-31.59	-30.59
1997,11084	9-Feb-1997	484087	350731.09	-34.04	96.54	-32.98	-32.93	96.19	-31.85	-30.50
1997,138062	19-Feb-1997	471364	341191.59	-33.43	92.79	-33.07	-32.31	92.40	-31.94	-30.32
1997,165161	1-Mar-1997	469683	338971.91	-33.26	93.75	-32.97	-32.12	93.39	-31.83	-30.00
1997,192383	11-Mar-1997	467137	336166.91	-34.22	96.70	-32.70	-33.07	96.33	-31.55	-29.54
1997,219482	21-Mar-1997	467796	335739.81	-31.94	93.30	-32.39	-30.78	92.87	-31.23	-29.03
1997,246704	31-Mar-1997	469144	337733.09	-30.75	92.76	-32.28	-29.58	92.33	-31.11	-28.68
1997,273926	9-Apr-1997	467303	334834.69	-29.85	92.19	-32.20	-28.67	91.78	-31.02	-28.32
1997,301025	19-Apr-1997	468591	335934.69	-35.06	91.87	-32.20	-33.87	91.42	-31.01	-28.01
1997,328247	29-Apr-1997	470769	337743.41	-33.79	91.31	-32.12	-32.59	90.92	-30.93	-27.60
1997,355347	9-May-1997	469020	336217.50	-29.95	90.03	-31.83	-28.74	89.76	-30.63	-26.97
1997,382568	19-May-1997	469779	338019.00	-33.29	92.59	-31.37	-32.08	92.30	-30.16	-26.23
1997,409668	29-May-1997	468955	337475.50	-28.30	94.20	-30.79	-27.08	93.91	-29.58	-25.47
1997,43689	8-Jun-1997	228006	166582.70	-30.45	101.61	-30.21	-29.25	101.32	-28.99	-24.84
1997,463989	18-Jun-1997	468902	338764.69	-31.40	94.72	-29.50	-30.18	94.44	-28.28	-24.27
1997,491211	28-Jun-1997	460522	333469.50	-29.49	97.31	-28.62	-28.27	97.10	-27.39	-23.73
1997,518311	8-Jul-1997	463575	338518.81	-29.41	97.61	-27.55	-28.17	97.43	-26.32	-23.22
1997,545532	18-Jul-1997	462730	338880.00	-23.49	98.56	-26.26	-22.26	98.45	-25.03	-22.71
1997,572754	28-Jul-1997	459510	336973.81	-25.03	99.94	-24.62	-23.78	99.87	-23.38	-22.01
1997,599854	6-Aug-1997	446294	332560.41	-26.25	106.77	-22.95	-25.00	106.67	-21.70	-21.42
1997,627075	16-Aug-1997	455302	335732.19	-22.09	103.81	-21.21	-20.84	103.78	-19.95	-20.83
1997,654175	26-Aug-1997	447178	330119.81	-19.69	107.03	-19.68	-18.42	107.08	-18.41	-20.46
1997,681397	5-Sep-1997	444507	327990.50	-18.33	108.30	-18.40	-17.06	108.39	-17.13	-20.27
1997,708496	15-Sep-1997	450537	332593.59	-16.51	111.21	-17.28	-15.24	111.30	-16.00	-20.09
1997,735718	25-Sep-1997	444677	328335.00	-15.02	110.66	-16.31	-13.73	110.77	-15.02	-19.85
1997,762817	5-Oct-1997	418375	310488.81	-8.73	116.34	-15.93	-7.43	116.48	-14.63	-19.96
1997,790039	15-Oct-1997	453687	332074.59	-13.18	114.94	-15.42	-11.86	115.07	-14.10	-19.65
1997,817139	25-Oct-1997	457927	334015.09	-16.56	114.90	-15.72	-15.24	114.99	-14.40	-19.90
1997,84436	4-Nov-1997	458213	333342.59	-13.72	116.71	-16.45	-12.39	116.77	-15.12	-20.30
1997,871582	14-Nov-1997	458614	333316.50	-17.47	119.65	-17.65	-16.14	119.64	-16.32	-20.97
1997,898682	24-Nov-1997	452668	328762.19	-20.02	117.33	-18.70	-18.70	117.29	-17.36	-21.30
1997,925903	3-Dec-1997	461741	334166.59	-17.92	120.07	-19.98	-16.57	119.99	-18.63	-21.76
1997,953003	13-Dec-1997	457573	328881.00	-22.89	119.76	-21.29	-21.53	119.62	-19.94	-22.21
1997,980225	23-Dec-1997	470446	338200.00	-22.33	115.81	-22.37	-20.96	115.65	-21.01	-22.43
1998,007324	2-Jan-1998	466103	336655.41	-26.40	114.74	-23.14	-25.05	114.55	-21.78	-22.41
1998,034546	12-Jan-1998	457486	328934.41	-22.99	108.95	-23.58	-21.62	108.80	-22.20	-22.14
1998,061646	22-Jan-1998	413152	300689.59	-26.04	113.46	-23.74	-24.68	113.25	-22.35	-21.73
1998,088867	1-Feb-1998	464700	333876.81	-23.54	111.16	-23.79	-22.15	110.92	-22.39	-21.32
1998,115967	11-Feb-1998	463716	333776.81	-23.32	107.64	-23.82	-21.91	107.39	-22.41	-21.00
1998,143189	21-Feb-1998	466324	336012.41	-24.33	105.97	-23.80	-22.91	105.67	-22.38	-20.72
1998,17041	3-Mar-1998	465792	336081.31	-25.32	106.05	-23.67	-23.89	105.78	-22.24	-20.38
1998,19751	13-Mar-1998	464629	334894.69	-22.30	102.43	-23.40	-20.85	102.14	-21.96	-19.91
1998,224731	23-Mar-1998	463679	334217.19	-23.31	103.81	-23.21	-21.86	103.43	-21.76	-19.52
1998,251831	1-Apr-1998	458792	329422.41	-22.91	100.74	-22.96	-21.45	100.42	-21.51	-19.03
1998,279053	11-Apr-1998	459360	330466.00	-21.94	101.08	-22.98	-20.49	100.75	-21.52	-18.77
1998,306152	21-Apr-1998	462167	332319.31	-22.13	100.51	-23.31	-20.65	100.18	-21.85	-18.78
1998,333374	1-May-1998	461653	331593.59	-23.09	101.01	-24.02	-21.62	100.70	-22.55	-19.15
1998,360474	11-May-1998	464750	335003.31	-26.49	99.91	-25.10	-25.03	99.65	-23.63	-19.91
1998,387695	21-May-1998	424189	310354.50	-24.75	104.15	-26.17	-23.29	103.86	-24.69	-20.71
1998,414795	31-May-1998	438071	315472.91	-28.10	101.85	-27.30	-26.63	101.53	-25.82	-21.69
1998,442017	10-Jun-1998	456892	330459.59	-28.59	102.29	-27.77	-27.09	101.97	-26.28	-22.14
1998,469238	20-Jun-1998	467689	339319.50	-29.37	100.47	-27.84	-27.87	100.23	-26.35	-22.39
1998,496338	30-Jun-1998	464417	337666.19	-26.46	97.90	-27.72	-24.96	97.69	-26.21	-22.64
1998,52356	10-Jul-1998	466393	339490.41	-26.32	94.88	-27.54	-24.81	94.72	-26.04	-23.07
1998,550659	19-Jul-1998	460129	336226.59	-28.75	96.71	-27.21	-27.24	96.59	-25.70	-23.55
1998,577881	29-Jul-1998	379989	282197.00	-27.65	101.94	-26.93	-26.18	101.83	-25.41	-24.24
1998,604981	8-Aug-1998	453212	333286.81	-27.00	94.84	-26.01	-25.48	94.70	-24.49	-24.43
1998,632202	18-Aug-1998	453643	334161.50	-27.48	94.75	-25.27	-25.96	94.66	-23.74	-24.85
1998,659302	28-Aug-1998	448144	330383.91	-24.08	95.13	-24.16	-22.52	95.12	-22.62	-24.88
1998,686523	7-Sep-1998	446077	330580.00	-22.05	93.48	-23.04	-20.52	93.51	-21.50	-24.83
1998,713623	17-Sep-1998	454751	336295.91	-21.27	92.48	-22.02	-19.73	92.51	-20.47	-24.72
1998,740845	27-Sep-1998	450647	333360.81	-21.14	91.24	-21.27	-19.59	91.22	-19.72	-24.67
1998,768066	7-Oct-1998	450681	332838.00	-19.33	94.24	-20.38	-17.77	94.28	-18.82	-24.21
1998,795166	17-Oct-1998	457108	341048.91	-23.38	100.53	-19.87	-21.80	100.53	-18.30	-23.86
1998,822388	27-Oct-1998	455719	335000.19	-18.15	92.25	-19.75	-16.57	92.32	-18.16	-23.62
1998,849487	6-Nov-1998	458494	335980.81	-19.37	90.28	-19.97	-17.77	90.24	-18.38	-23.48
1998,876709	15-Nov-1998	448476	327583.09	-20.03	90.98	-20.41	-18.43	90.84	-18.81	-23.34
1998,903809	25-Nov-1998	449937	327359.00	-23.74	90.62	-20.77	-22.13	90.37	-19.16	-22.96
1998,93103	5-Dec-1998	463591	336336.09	-18.09	89.12	-21.18	-16.46	88.92	-19.56	-22.53
1998,95813	15-Dec-1998	434736	313960.09	-22.42	88.59	-21.59	-20.79	88.37	-19.97	-22.07
1998,985352	25-Dec-1998	438049	316068.41	-21.89	88.02	-22.03	-20.27	87.78	-20.40	-21.66
1999,012451	4-Jan-1999	446380	321993.59	-23.75	87.89	-22.48	-22.13	87.59	-20.84	-21.33
1999,039673	14-Jan-1999	468328	337581.00	-21.95	86.61	-22.89	-20.29	86.21	-21.24	-21.07
1999,066895	24-Jan-1999	476215	345878.59	-28.18	95.84	-23.16	-26.54	95.36	-21.49	-20.77
1999,093994	3-Feb-1999	466063	335643.81	-26.90	91.91	-23.20	-25.23	91.50	-21.51	-20.37
1999,121216	13-Feb-1999	337311	243213.09	-20.22	91.02	-23.08	-18.49	90.60	-21.39	-19.93
1999,148315	23-Feb-1999	467204	336774.59	-23.28	89.50	-22.97	-21.60	89.03	-21.26	-19.56
1999,175537	5-Mar-1999	467048	336115.81	-22.08	89.49	-22.97	-20.37	88.97	-21.26	-19.36
1999,202637	14-Mar-1999	467850	336506.00	-23.87	91.56	-23.09	-22.15	91.04	-21.37	-19.29
1999,229858	24-Mar-1999	466320	336608.81	-22.53	94.13	-23.31	-20.80	93.53	-21.59	-19.31
1999,256958	3-Apr-1999	469939	337699.31	-24.66	94.57	-23.51	-22.93	93.96	-21.78	-19.26
1999,28418	13-Apr-1999	470105	337968.31	-22.63	94.25	-23.86	-20.88	93.76	-22.12	-19.31
1999,311279	23-Apr-1999	448145	325850.81	-27.63	101.72	-24.38	-25.89	101.26	-22.64	-19.51
1999,338501	3-May-1999	466655	335862.41	-25.37	92.11	-25.01	-23.63	91.62	-23.26	-19.80
1999,365723	13-May-1999	467505	337274.59	-23.93	89.77	-25.61	-22.18	89.30	-23.85	-20.08
1999,392822	23-May-1999	468096	339164.91	-28.00	90.06	-26.05	-26.25	89.56	-24.29	-20.28
1999,420044	2-Jun-1999	466586	337947.91	-25.82	88.43	-26.24	-24.05	88.01	-24.48	-20.33
1999,447144	12-Jun-1999	466867	338184.69	-28.46	88.83	-26.13	-26.69	88.43	-24.36	-20.24
1999,474365	22-Jun-1999	467583	339899.31	-25.88	85.35	-25.58	-24.11	84.93	-23.81	-19.91
1999,501465	2-Jul-1999	460077	336527.81	-24.40	86.12	-25.10	-22.61	85.77	-23.32	-19.85
1999,528687	11-Jul-1999	460374	336980.31	-24.11	85.65	-24.39	-22.33	85.36	-22.61	-19.78
1999,555786	21-Jul-1999	456149	334388.59	-24.51	86.03	-23.60	-22.72	85.76	-21.81	-19.83
1999,583008	31-Jul-1999	456648	336625.19	-22.88	87.21	-22.66	-21.10	87.03	-20.87	-19.90
1999,610107	10-Aug-1999	451415	333985.09	-22.82	87.56	-21.47	-21.03	87.46	-19.67	-19.83
1999,637329	20-Aug-1999	452254	334245.19	-17.72	86.15	-19.93	-15.92	86.11	-18.12	-19.45
1999,664551	30-Aug-1999	178416	133426.50	-22.22	96.65	-18.13	-20.37	96.62	-16.32	-18.79
1999,69165	9-Sep-1999	454482	336270.91	-17.40	88.08	-16.41	-15.57	88.08	-14.58	-18.10
1999,718872	19-Sep-1999	451890	333600.31	-14.50	87.88	-15.02	-12.67	87.93	-13.19	-17.59
1999,745972	29-Sep-1999	447930	331052.31	-15.14	90.06	-14.27	-13.30	90.16	-12.43	-17.48
1999,773193	9-Oct-1999	450034	331961.41	-10.26	88.04	-13.49	-8.40	88.14	-11.64	-17.09
1999,800293	19-Oct-1999	450177	331971.31	-11.89	88.57	-13.39	-10.07	88.56	-11.53	-17.09
1999,827515	29-Oct-1999	461828	339185.81	-13.70	88.84	-13.77	-11.84	88.82	-11.91	-17.32
1999,854614	7-Nov-1999	461089	337237.09	-15.31	90.09	-14.13	-13.43	90.11	-12.26	-17.26
1999,881836	17-Nov-1999	448944	326439.31	-14.68	88.09	-14.56	-12.77	88.05	-12.67	-17.07
1999,908936	27-Nov-1999	465623	338373.19	-16.11	87.37	-14.83	-14.22	87.23	-12.94	-16.58
1999,936157	7-Dec-1999	445588	326688.50	-14.08	92.05	-15.05	-12.21	91.86	-13.14	-15.94
1999,963379	17-Dec-1999	469932	340328.41	-13.59	86.82	-15.40	-11.66	86.60	-13.49	-15.43
1999,990479	27-Dec-1999	466291	337722.91	-13.53	86.21	-16.00	-11.62	85.94	-14.08	-15.19
2000,017578	6-Jan-2000	464501	336181.00	-19.15	84.60	-16.78	-17.23	84.29	-14.86	-15.22
2000,044678	16-Jan-2000	473661	341202.59	-17.31	85.45	-17.64	-15.38	85.16	-15.71	-15.43
2000,071777	26-Jan-2000	467361	336829.91	-16.68	87.54	-18.41	-14.74	87.11	-16.47	-15.67
2000,098877	5-Feb-2000	466539	336718.91	-21.21	88.53	-19.03	-19.27	87.99	-17.09	-15.88
2000,125977	15-Feb-2000	469893	339658.41	-21.54	89.01	-19.65	-19.61	88.53	-17.70	-16.19
2000,153076	25-Feb-2000	421424	304057.41	-19.09	90.68	-19.83	-17.13	90.10	-17.87	-16.13
2000,180176	5-Mar-2000	457896	329844.09	-19.81	90.81	-19.81	-17.83	90.25	-17.84	-15.91
2000,207275	15-Mar-2000	468956	337490.00	-20.76	92.05	-19.75	-18.77	91.43	-17.77	-15.66
2000,234375	25-Mar-2000	466876	335371.69	-17.62	92.93	-19.88	-15.62	92.34	-17.89	-15.57
2000,261475	4-Apr-2000	272137	198131.00	-21.90	99.74	-20.41	-19.92	99.15	-18.40	-15.83
2000,288574	14-Apr-2000	468328	337500.50	-19.96	90.88	-21.30	-17.95	90.34	-19.28	-16.42
2000,315674	24-Apr-2000	465552	335449.09	-21.65	91.31	-22.27	-19.62	90.77	-20.25	-17.07
2000,342651	4-May-2000	467755	336968.19	-24.70	91.18	-23.07	-22.67	90.58	-21.04	-17.53
2000,369751	14-May-2000	466247	337181.50	-24.95	91.31	-23.43	-22.92	90.81	-21.40	-17.59
2000,396851	24-May-2000	466746	337398.00	-24.04	89.60	-23.82	-22.00	89.22	-21.78	-17.74
2000,42395	3-Jun-2000	465723	337852.69	-22.92	88.17	-23.83	-20.85	87.78	-21.79	-17.64
2000,45105	13-Jun-2000	466911	339836.50	-23.97	87.02	-23.87	-21.92	86.57	-21.83	-17.73
2000,478149	23-Jun-2000	465061	338068.41	-24.74	88.21	-23.77	-22.71	87.84	-21.72	-17.86
2000,505249	2-Jul-2000	463298	339099.59	-24.13	86.87	-23.49	-22.08	86.49	-21.44	-18.04
2000,532349	12-Jul-2000	455818	333681.00	-22.21	87.44	-22.91	-20.14	87.15	-20.85	-18.13
2000,559448	22-Jul-2000	428809	318195.19	-22.07	92.74	-21.93	-20.03	92.48	-19.87	-18.02
2000,586548	1-Aug-2000	451029	332202.19	-23.77	86.71	-20.62	-21.70	86.57	-18.55	-17.72
2000,613648	11-Aug-2000	442838	327514.50	-19.36	85.53	-19.19	-17.31	85.39	-17.12	-17.43
2000,640747	21-Aug-2000	454562	336389.91	-15.58	86.61	-17.59	-13.51	86.63	-15.52	-17.00
2000,667847	31-Aug-2000	451755	335086.50	-18.09	87.82	-16.24	-16.01	87.80	-14.16	-16.77
2000,694946	10-Sep-2000	451726	334259.09	-17.03	89.50	-14.57	-14.94	89.54	-12.48	-16.11
2000,722046	20-Sep-2000	438243	324659.59	-11.80	86.27	-13.05	-9.71	86.38	-10.95	-15.44
2000,749146	30-Sep-2000	447635	329627.81	-8.27	83.88	-11.39	-6.14	84.07	-9.28	-14.39
2000,776123	10-Oct-2000	456391	335642.19	-7.83	83.76	-10.40	-5.71	83.91	-8.28	-13.75
2000,803223	19-Oct-2000	455979	335024.50	-10.64	86.41	-10.05	-8.51	86.55	-7.92	-13.48
2000,830322	29-Oct-2000	438267	325323.31	-2.42	92.11	-10.31	-0.28	92.40	-8.17	-13.55
2000,857422	8-Nov-2000	458671	333634.41	-8.94	84.79	-11.17	-6.77	84.92	-9.03	-13.98
2000,884522	18-Nov-2000	416078	303676.09	-12.01	85.39	-11.88	-9.91	85.34	-9.73	-14.06
2000,911621	28-Nov-2000	437408	317386.09	-12.29	84.01	-12.81	-10.12	83.85	-10.66	-14.22
2000,938721	8-Dec-2000	466141	336313.19	-14.23	84.71	-13.70	-12.09	84.48	-11.53	-14.25
2000,96582	18-Dec-2000	473528	340412.19	-15.51	85.31	-14.49	-13.32	85.05	-12.31	-14.17
2000,99292	28-Dec-2000	470078	337714.69	-14.78	83.08	-15.04	-12.58	82.75	-12.85	-13.89
2001,02002	7-Jan-2001	466744	335444.00	-17.01	82.77	-15.70	-14.79	82.43	-13.50	-13.80
2001,047241	17-Jan-2001	386154	279370.41	-15.47	88.02	-16.09	-13.22	87.64	-13.88	-13.54
2001,074341	27-Jan-2001	470140	338856.69	-16.66	83.97	-16.26	-14.44	83.45	-14.04	-13.19
2001,101563	6-Feb-2001	471382	340270.50	-15.34	86.36	-16.21	-13.11	85.92	-13.98	-12.74
2001,128784	16-Feb-2001	469494	339255.91	-18.73	88.44	-16.00	-16.51	87.92	-13.75	-12.21
2001,155884	25-Feb-2001	467507	335882.81	-15.45	88.52	-15.72	-13.19	87.96	-13.47	-11.71
2001,183106	7-Mar-2001	468813	336780.50	-11.71	87.65	-15.51	-9.45	87.12	-13.24	-11.29
2001,210205	17-Mar-2001	463639	332608.41	-17.83	87.55	-15.54	-15.54	86.84	-13.27	-11.13
2001,237427	27-Mar-2001	464674	334613.81	-15.12	87.94	-15.52	-12.84	87.18	-13.24	-10.89
2001,264526	6-Apr-2001	465744	334893.91	-15.68	88.51	-15.75	-13.37	87.77	-13.46	-10.86
2001,291748	16-Apr-2001	466786	335406.41	-14.11	86.41	-16.16	-11.82	85.76	-13.86	-10.97
2001,318848	26-Apr-2001	467671	337294.91	-16.81	87.00	-16.75	-14.50	86.37	-14.45	-11.23
2001,346069	6-May-2001	464756	335453.69	-18.39	86.10	-17.40	-16.07	85.59	-15.09	-11.54
2001,373169	16-May-2001	466784	336397.09	-18.57	84.21	-17.91	-16.26	83.73	-15.59	-11.74
2001,400391	26-May-2001	464358	334685.81	-18.62	83.80	-18.12	-16.31	83.24	-15.80	-11.74
2001,427612	5-Jun-2001	463281	333392.19	-18.71	83.72	-17.92	-16.37	83.26	-15.60	-11.44
2001,454712	14-Jun-2001	465361	335373.50	-19.63	84.06	-17.28	-17.32	83.62	-14.96	-10.88
2001,481934	24-Jun-2001	453490	329409.69	-16.49	84.11	-16.31	-14.18	83.80	-13.99	-10.18
2001,509033	4-Jul-2001	463435	336680.91	-13.84	83.82	-15.25	-11.52	83.62	-12.92	-9.60
2001,536255	14-Jul-2001	455754	332861.69	-12.20	83.25	-14.30	-9.85	83.12	-11.96	-9.35
2001,563355	24-Jul-2001	449711	330002.59	-15.78	84.74	-13.51	-13.41	84.65	-11.16	-9.45
2001,590576	3-Aug-2001	443014	325287.41	-11.15	84.85	-12.72	-8.82	84.83	-10.37	-9.71
2001,617676	13-Aug-2001	457960	337431.59	-13.41	84.16	-11.67	-11.06	84.07	-9.32	-9.80
2001,644898	23-Aug-2001	457137	336115.00	-13.09	85.84	-10.21	-10.71	85.94	-7.84	-9.49
2001,671997	2-Sep-2001	449537	331384.31	-9.49	85.92	-8.41	-7.12	86.17	-6.04	-8.82
2001,699219	12-Sep-2001	447166	329265.81	-3.04	86.14	-6.69	-0.65	86.50	-4.31	-8.09
2001,72644	22-Sep-2001	446135	328962.91	-3.39	84.35	-5.56	-1.02	84.69	-3.17	-7.77
2001,75354	2-Oct-2001	451810	333634.59	-0.99	83.95	-5.21	1.40	84.29	-2.82	-8.01
2001,780762	11-Oct-2001	456477	335626.09	-6.66	84.41	-5.43	-4.25	84.74	-3.03	-8.54
2001,807861	21-Oct-2001	456359	334477.31	-10.65	88.01	-5.76	-8.24	88.29	-3.34	-8.89
2001,835083	31-Oct-2001	457541	335324.09	-5.36	86.53	-5.96	-2.94	86.91	-3.54	-8.86
2001,862183	10-Nov-2001	460509	336671.59	-2.20	85.92	-6.21	0.23	86.23	-3.78	-8.63
2001,889404	20-Nov-2001	425295	310058.69	-6.23	84.63	-6.78	-3.79	84.70	-4.34	-8.54
2001,916504	30-Nov-2001	465064	338868.69	-6.85	83.72	-7.70	-4.40	83.71	-5.25	-8.67
2001,943726	10-Dec-2001	464691	336745.91	-11.23	83.16	-8.76	-8.76	83.07	-6.30	-8.86
2001,970825	20-Dec-2001	464322	336731.50	-10.45	83.89	-9.71	-7.98	83.78	-7.24	-8.94
2001,998047	30-Dec-2001	467235	337776.19	-8.25	84.71	-10.44	-5.77	84.62	-7.97	-8.86
2002,025269	9-Jan-2002	458572	330952.41	-13.65	84.74	-10.96	-11.16	84.45	-8.48	-8.65
2002,052368	19-Jan-2002	462666	333589.59	-11.73	82.11	-11.28	-9.26	81.75	-8.79	-8.35
2002,07959	29-Jan-2002	466100	337208.91	-10.07	83.23	-11.42	-7.61	82.93	-8.93	-8.00
2002,10669	7-Feb-2002	464939	335432.31	-12.82	82.89	-11.50	-10.31	82.55	-9.00	-7.70
2002,133911	17-Feb-2002	468415	338063.19	-11.83	83.04	-11.62	-9.31	82.69	-9.11	-7.53
2002,161011	27-Feb-2002	460917	332203.09	-8.42	81.32	-11.89	-5.88	80.90	-9.36	-7.56
2002,188232	9-Mar-2002	463173	333776.50	-13.84	82.91	-12.31	-11.32	82.25	-9.77	-7.79
2002,215332	19-Mar-2002	462179	332079.19	-13.89	82.06	-12.79	-11.34	81.40	-10.24	-8.07
2002,242554	29-Mar-2002	466094	335146.50	-13.19	83.96	-13.26	-10.63	83.27	-10.70	-8.31
2002,269653	8-Apr-2002	463944	332443.19	-11.49	82.62	-13.71	-8.90	82.05	-11.13	-8.48
2002,296875	18-Apr-2002	433538	311122.91	-16.34	80.25	-14.13	-13.77	79.64	-11.55	-8.60
2002,324097	28-Apr-2002	461059	332306.69	-14.46	80.89	-14.52	-11.85	80.43	-11.93	-8.65
2002,351196	8-May-2002	468759	337145.69	-14.93	81.10	-14.89	-12.32	80.53	-12.29	-8.68
2002,378418	18-May-2002	480748	345809.69	-14.03	82.81	-15.27	-11.42	82.36	-12.66	-8.76
2002,405518	28-May-2002	480310	345408.41	-14.91	81.42	-15.59	-12.30	81.03	-12.98	-8.89
2002,432739	6-Jun-2002	478850	346626.41	-18.89	81.43	-15.62	-16.29	80.99	-13.02	-8.86
2002,459839	16-Jun-2002	474824	345334.31	-17.83	80.25	-15.14	-15.23	79.85	-12.54	-8.50
2002,487061	26-Jun-2002	472919	343859.91	-13.07	82.81	-14.09	-10.48	82.41	-11.48	-7.75
2002,51416	6-Jul-2002	476805	347068.59	-13.61	84.10	-12.60	-11.00	83.87	-9.99	-6.79
2002,541382	16-Jul-2002	468440	342747.50	-10.97	84.14	-10.90	-8.35	84.13	-8.29	-5.84
2002,568481	26-Jul-2002	469184	344549.50	-8.90	85.15	-9.21	-6.29	85.33	-6.59	-5.07
2002,595703	5-Aug-2002	467206	342773.09	-6.92	83.40	-7.71	-4.32	83.61	-5.09	-4.64
2002,622925	15-Aug-2002	467574	343881.69	-3.97	86.14	-6.52	-1.35	86.44	-3.90	-4.60
2002,650024	25-Aug-2002	463771	342174.19	-6.66	88.11	-5.60	-4.03	88.45	-2.97	-4.84
2002,677246	4-Sep-2002	462445	341597.59	-5.39	92.58	-4.81	-2.76	92.99	-2.17	-5.15
2002,704346	14-Sep-2002	463055	340799.00	-4.20	92.38	-4.00	-1.54	92.80	-1.35	-5.30
2002,731567	24-Sep-2002	464519	341310.81	-2.24	91.64	-3.14	0.42	92.05	-0.47	-5.20
2002,758667	3-Oct-2002	464650	340812.91	-3.70	91.46	-2.28	-1.02	91.82	0.39	-4.88
2002,785889	13-Oct-2002	465878	341487.19	-1.13	95.76	-1.60	1.56	96.28	1.08	-4.46
2002,812988	23-Oct-2002	463071	338251.91	2.86	96.10	-1.32	5.57	96.64	1.37	-4.15
2002,84021	2-Nov-2002	467194	341276.41	-1.98	95.04	-1.56	0.68	95.36	1.13	-4.12
2002,86731	12-Nov-2002	473042	344591.09	-1.46	92.65	-2.28	1.22	92.91	0.42	-4.32
2002,894531	22-Nov-2002	476314	344851.41	-2.92	91.69	-3.29	-0.21	91.87	-0.57	-4.63
2002,921753	2-Dec-2002	476671	344162.69	-5.40	91.56	-4.38	-2.66	91.71	-1.65	-4.91
2002,948853	12-Dec-2002	478361	343371.59	-5.68	91.94	-5.38	-2.92	92.09	-2.64	-5.04
2002,976074	22-Dec-2002	481306	345741.09	-5.72	90.15	-6.18	-2.97	90.22	-3.44	-4.98
2003,003174	1-Jan-2003	481332	346090.31	-7.88	89.65	-6.67	-5.14	89.45	-3.92	-4.67
2003,030396	11-Jan-2003	481369	347118.81	-10.39	90.61	-6.80	-7.62	90.32	-4.04	-4.08
2003,057495	20-Jan-2003	472170	340525.31	-4.53	87.68	-6.71	-1.80	87.53	-3.96	-3.41
2003,084717	30-Jan-2003	480404	346990.81	-5.52	87.44	-6.72	-2.74	87.21	-3.96	-2.95
2003,111816	9-Feb-2003	478605	345814.59	-4.09	86.95	-7.01	-1.34	86.75	-4.24	-2.88
2003,139038	19-Feb-2003	478913	345825.00	-9.63	88.55	-7.51	-6.85	88.26	-4.73	-3.10
2003,166138	1-Mar-2003	471223	339320.81	-9.64	89.53	-7.97	-6.84	89.15	-5.18	-3.35
2003,193359	11-Mar-2003	477875	344150.31	-8.79	90.44	-8.21	-6.01	90.07	-5.41	-3.39
2003,220459	21-Mar-2003	478259	344419.69	-7.53	88.42	-8.30	-4.71	88.03	-5.48	-3.27
2003,247681	31-Mar-2003	473641	340777.59	-7.43	86.66	-8.41	-4.60	86.32	-5.59	-3.15
2003,274902	10-Apr-2003	457051	328674.09	-8.14	85.28	-8.69	-5.31	84.88	-5.85	-3.14
2003,302002	20-Apr-2003	475093	342688.59	-9.25	86.30	-9.11	-6.41	85.80	-6.26	-3.24
2003,329224	30-Apr-2003	478054	344267.41	-10.24	85.95	-9.58	-7.37	85.56	-6.73	-3.38
2003,356323	10-May-2003	484144	348624.41	-10.32	84.80	-10.05	-7.45	84.40	-7.18	-3.51
2003,383545	19-May-2003	476264	344070.41	-9.43	85.59	-10.50	-6.55	85.21	-7.62	-3.68
2003,410645	29-May-2003	478279	345217.69	-10.65	83.48	-10.89	-7.76	83.14	-8.01	-3.89
2003,437866	8-Jun-2003	476053	343631.19	-13.61	83.88	-11.12	-10.73	83.58	-8.24	-4.09
2003,464966	18-Jun-2003	474498	343901.31	-10.62	82.46	-11.06	-7.74	82.39	-8.18	-4.18
2003,492188	28-Jun-2003	472657	343134.19	-12.40	83.25	-10.65	-9.51	83.24	-7.76	-4.11
2003,519287	8-Jul-2003	472237	345183.91	-10.25	84.41	-9.94	-7.36	84.45	-7.05	-3.98
2003,546509	18-Jul-2003	468807	343924.00	-7.87	85.02	-9.03	-5.00	85.24	-6.14	-3.85
2003,573731	28-Jul-2003	462796	340435.81	-9.00	86.43	-7.99	-6.10	86.61	-5.10	-3.77
2003,60083	7-Aug-2003	463840	341108.41	-6.48	85.65	-6.81	-3.60	86.05	-3.92	-3.68
2003,628052	17-Aug-2003	464627	341525.59	-8.24	85.55	-5.46	-5.33	85.93	-2.56	-3.49
2003,655151	27-Aug-2003	464638	341903.81	-2.27	88.78	-4.02	0.63	89.24	-1.12	-3.21
2003,682373	6-Sep-2003	461722	341390.41	-1.05	87.13	-2.66	1.84	87.61	0.25	-2.93
2003,709473	15-Sep-2003	421051	310627.00	-2.08	87.16	-1.49	0.83	87.74	1.42	-2.70
2003,736694	25-Sep-2003	461362	340454.69	-0.59	88.75	-0.57	2.33	89.39	2.35	-2.50
2003,763794	5-Oct-2003	460487	339943.09	1.60	89.56	0.05	4.52	90.22	2.98	-2.36
2003,791016	15-Oct-2003	465592	342583.31	0.22	88.96	0.23	3.16	89.51	3.17	-2.38
2003,818115	25-Oct-2003	464118	341195.50	3.95	90.58	-0.10	6.90	91.24	2.85	-2.64
2003,845337	4-Nov-2003	467282	343547.69	-1.21	90.37	-0.86	1.72	90.90	2.12	-3.05
2003,872559	14-Nov-2003	405682	296773.91	-3.06	87.59	-1.71	-0.12	88.01	1.29	-3.34
2003,899658	24-Nov-2003	81829	59231.90	-5.96	94.56	-2.35	-2.76	94.70	0.67	-3.25
2003,92688	4-Dec-2003	472820	342312.69	-1.11	87.15	-2.70	1.89	87.33	0.33	-2.77
2003,95398	14-Dec-2003	478832	345884.31	-0.81	85.64	-2.89	2.20	85.81	0.14	-2.09
2003,981201	24-Dec-2003	484426	348676.81	-4.55	85.41	-3.06	-1.52	85.36	-0.02	-1.41
2004,008301	3-Jan-2004	484024	348888.00	-5.42	85.11	-3.28	-2.39	84.90	-0.24	-0.84
2004,0354	12-Jan-2004	475554	341344.50	-0.74	87.18	-3.69	2.32	87.20	-0.65	-0.57
2004,0625	22-Jan-2004	474247	340621.59	-1.50	86.22	-4.41	1.55	86.13	-1.36	-0.72
2004,0896	1-Feb-2004	482153	347120.59	-5.32	84.05	-5.36	-2.27	83.78	-2.30	-1.22
2004,116699	11-Feb-2004	348570	251264.41	-11.11	86.05	-6.22	-8.10	85.48	-3.14	-1.72
2004,143799	21-Feb-2004	301505	216764.00	-7.32	83.24	-6.68	-4.14	82.81	-3.59	-1.92
2004,170898	2-Mar-2004	481309	346611.59	-5.50	84.90	-6.72	-2.40	84.44	-3.61	-1.74
2004,197998	12-Mar-2004	479280	345187.19	-7.21	85.88	-6.55	-4.11	85.45	-3.43	-1.38
2004,225098	22-Mar-2004	476235	342556.19	-5.95	86.62	-6.44	-2.81	86.31	-3.31	-1.06
2004,252197	1-Apr-2004	376307	270489.69	-5.22	87.55	-6.55	-2.07	86.99	-3.41	-0.93
2004,279175	11-Apr-2004	477353	342829.59	-6.91	87.76	-7.03	-3.77	87.18	-3.89	-1.14
2004,306274	21-Apr-2004	477856	344217.00	-5.25	86.00	-7.91	-2.09	85.39	-4.76	-1.69
2004,333374	1-May-2004	481968	347252.00	-9.67	83.55	-9.04	-6.52	83.11	-5.89	-2.49
2004,360474	10-May-2004	483783	348472.81	-10.99	83.57	-10.14	-7.84	83.06	-6.99	-3.28
2004,387573	20-May-2004	479701	345150.41	-13.90	86.05	-10.87	-10.75	85.53	-7.72	-3.75
2004,414673	30-May-2004	479534	345537.50	-10.79	84.11	-11.03	-7.64	83.77	-7.87	-3.74
2004,441773	9-Jun-2004	480036	345914.59	-12.46	83.28	-10.57	-9.30	83.02	-7.41	-3.27
2004,468872	19-Jun-2004	472118	342508.31	-11.74	84.41	-9.66	-8.56	84.20	-6.50	-2.54
2004,495972	29-Jun-2004	463312	336771.19	-5.98	83.31	-8.58	-2.83	83.28	-5.42	-1.84
2004,523071	9-Jul-2004	468236	340750.69	-6.15	84.11	-7.58	-2.99	84.07	-4.42	-1.44
2004,550171	19-Jul-2004	468055	341990.00	-6.97	86.17	-6.69	-3.82	86.20	-3.54	-1.37
2004,577271	29-Jul-2004	461955	340263.91	-7.89	83.96	-5.75	-4.74	84.09	-2.60	-1.41
2004,60437	8-Aug-2004	462182	340936.91	-5.75	85.30	-4.58	-2.59	85.58	-1.42	-1.33
2004,63147	18-Aug-2004	466520	343997.59	-2.24	87.27	-3.17	0.91	87.74	0.00	-1.07
2004,658569	28-Aug-2004	462982	342465.00	-1.47	88.21	-1.67	1.72	88.65	1.51	-0.72
2004,685669	6-Sep-2004	459459	340559.09	-1.09	89.08	-0.32	2.10	89.63	2.86	-0.44
2004,712647	16-Sep-2004	458587	340044.19	4.54	90.08	0.70	7.73	90.71	3.89	-0.33
2004,739746	26-Sep-2004	460318	340425.81	0.86	87.65	1.29	4.06	88.29	4.49	-0.43
2004,766846	6-Oct-2004	460514	340703.59	1.47	89.30	1.47	4.66	90.04	4.68	-0.70
2004,793945	16-Oct-2004	452769	333500.81	3.23	87.73	1.33	6.48	88.47	4.55	-1.01
2004,821045	26-Oct-2004	459414	338099.50	0.07	88.42	1.02	3.28	88.92	4.25	-1.22
2004,848145	5-Nov-2004	468700	342718.09	0.37	88.64	0.65	3.61	89.20	3.90	-1.22
2004,875244	15-Nov-2004	469369	342481.91	1.15	88.71	0.35	4.41	89.18	3.61	-0.95
2004,902344	25-Nov-2004	468501	339902.50	-2.47	87.74	0.16	0.83	88.03	3.43	-0.41
2004,929443	5-Dec-2004	477108	345803.50	1.51	87.15	-0.00	4.78	87.44	3.28	0.26
2004,956543	15-Dec-2004	470108	339093.69	0.07	87.53	-0.32	3.37	87.74	2.97	0.82
2004,983643	25-Dec-2004	481383	347023.19	2.82	85.87	-0.88	6.11	86.20	2.42	1.11
2005,010742	3-Jan-2005	485027	349760.81	-4.05	87.15	-1.55	-0.74	87.18	1.75	1.21
2005,037964	13-Jan-2005	476557	343531.41	-5.01	86.45	-2.06	-1.72	86.42	1.25	1.38
2005,065064	23-Jan-2005	478441	342994.31	-1.95	86.25	-2.21	1.39	86.14	1.11	1.80
2005,092285	2-Feb-2005	481041	346597.41	-1.76	85.16	-2.04	1.56	84.93	1.29	2.41
2005,119385	12-Feb-2005	471260	339456.41	-1.52	86.30	-1.73	1.82	86.07	1.60	3.04
2005,146606	22-Feb-2005	466589	335766.41	-2.73	87.43	-1.52	0.62	87.07	1.82	3.51
2005,173706	4-Mar-2005	477433	343647.00	1.50	90.65	-1.57	4.85	90.33	1.78	3.67
2005,200928	14-Mar-2005	477077	342722.09	0.28	90.26	-1.92	3.62	89.99	1.44	3.51
2005,228027	24-Mar-2005	468729	337142.69	-5.77	86.63	-2.45	-2.40	86.29	0.93	3.20
2005,255249	3-Apr-2005	481943	347386.81	-4.19	84.23	-2.97	-0.81	83.83	0.42	2.93
2005,282349	13-Apr-2005	476192	342524.91	-0.23	84.53	-3.40	3.19	84.14	-0.00	2.79
2005,30957	22-Apr-2005	477959	342987.31	-5.28	85.94	-3.76	-1.83	85.64	-0.35	2.76
2005,336792	2-May-2005	479677	345465.19	-4.92	86.10	-4.04	-1.53	85.82	-0.62	2.82
2005,363892	12-May-2005	478506	344220.19	-4.22	85.72	-4.21	-0.80	85.25	-0.80	2.95
2005,391113	22-May-2005	474052	341612.00	-3.70	84.87	-4.27	-0.29	84.44	-0.86	3.14
2005,418213	1-Jun-2005	481976	348030.81	-4.80	83.79	-4.22	-1.38	83.64	-0.79	3.35
2005,445435	11-Jun-2005	481595	348749.41	-4.89	83.48	-4.02	-1.46	83.37	-0.59	3.54
2005,472534	21-Jun-2005	476251	345875.09	-3.54	82.53	-3.67	-0.10	82.48	-0.24	3.68
2005,499756	1-Jul-2005	473700	345290.31	-4.34	83.68	-3.18	-0.91	83.62	0.26	3.77
2005,526856	11-Jul-2005	467736	341787.41	-0.76	82.53	-2.62	2.67	82.90	0.82	3.70
2005,554077	21-Jul-2005	468959	343816.69	-2.99	83.14	-2.01	0.46	83.35	1.43	3.47
2005,581177	31-Jul-2005	453997	333915.00	-1.87	83.07	-1.29	1.57	83.38	2.15	3.19
2005,608398	10-Aug-2005	463312	341762.31	-0.78	82.60	-0.36	2.66	83.05	3.09	3.01
2005,63562	20-Aug-2005	457717	337768.41	-0.15	83.14	0.82	3.28	83.67	4.28	3.03
2005,66272	29-Aug-2005	460882	340184.09	1.51	84.01	2.18	4.96	84.53	5.65	3.25
2005,689941	8-Sep-2005	461748	340801.81	4.44	86.09	3.51	7.92	86.73	6.98	3.52
2005,717041	18-Sep-2005	267180	197489.59	6.87	92.95	4.55	10.37	93.63	8.03	3.68
2005,744263	28-Sep-2005	288616	213977.00	6.33	84.87	5.17	9.87	85.80	8.66	3.64
2005,771362	8-Oct-2005	459566	338683.91	5.62	84.06	5.49	9.09	84.72	8.98	3.55
2005,798584	18-Oct-2005	463732	340695.31	3.71	84.18	5.74	7.20	84.68	9.23	3.67
2005,825684	28-Oct-2005	462887	340537.31	5.08	86.64	6.09	8.56	87.21	9.58	4.15
2005,852905	7-Nov-2005	466555	342099.59	8.01	87.90	6.43	11.48	88.57	9.94	4.90
2005,880005	17-Nov-2005	465250	339754.00	8.30	86.87	6.53	11.83	87.35	10.05	5.61
2005,907227	27-Nov-2005	472885	343508.91	7.51	84.44	6.17	11.08	84.90	9.72	6.02
2005,934448	7-Dec-2005	478930	346964.69	5.41	83.59	5.33	8.97	84.00	8.89	6.03
2005,961548	16-Dec-2005	480010	345996.81	4.63	84.65	4.10	8.20	84.76	7.66	5.67
2005,98877	26-Dec-2005	476881	343064.41	4.02	84.95	2.64	7.61	84.95	6.22	5.06
2006,015869	5-Jan-2006	481582	346973.19	-0.22	82.73	1.18	3.36	82.55	4.76	4.36
2006,043091	15-Jan-2006	483074	348394.69	-1.89	83.27	-0.06	1.68	83.10	3.53	3.78
2006,07019	25-Jan-2006	482020	347444.69	-1.37	84.98	-0.94	2.22	84.71	2.65	3.43
2006,097412	4-Feb-2006	479350	344873.09	-1.55	85.90	-1.47	2.07	85.62	2.14	3.33
2006,124512	14-Feb-2006	476331	343208.09	-2.85	85.76	-1.75	0.75	85.25	1.86	3.36
2006,151733	24-Feb-2006	477682	343441.59	-1.52	87.76	-1.98	2.09	87.23	1.66	3.39
2006,178833	6-Mar-2006	477787	343855.91	0.36	87.94	-2.25	4.02	87.41	1.40	3.32
2006,206055	16-Mar-2006	481001	346265.00	-5.19	89.35	-2.59	-1.51	88.74	1.07	3.18
2006,233276	26-Mar-2006	481869	346964.91	-2.70	89.19	-2.96	0.97	88.56	0.71	3.02
2006,260376	5-Apr-2006	478745	345124.69	-2.49	86.41	-3.32	1.19	85.87	0.36	2.92
2006,287598	14-Apr-2006	474526	340996.31	-3.51	87.00	-3.62	0.18	86.36	0.07	2.92
2006,314697	24-Apr-2006	474075	340879.19	-4.98	86.64	-3.77	-1.27	86.09	-0.08	3.09
2006,341919	4-May-2006	475375	342129.81	-5.34	84.69	-3.73	-1.65	84.27	-0.03	3.47
2006,369019	14-May-2006	476287	342856.69	-3.02	83.91	-3.50	0.65	83.63	0.20	4.01
2006,39624	24-May-2006	474218	342123.41	-1.47	83.90	-3.16	2.26	83.81	0.54	4.58
2006,42334	3-Jun-2006	472424	341223.09	-3.99	83.79	-2.74	-0.31	83.57	0.95	5.10
2006,450562	13-Jun-2006	477483	345070.91	-3.37	83.98	-2.19	0.33	83.83	1.51	5.61
2006,477661	23-Jun-2006	476229	344362.81	-2.33	82.24	-1.45	1.38	82.32	2.25	6.11
2006,504883	3-Jul-2006	468973	340539.59	0.20	81.95	-0.62	3.89	82.21	3.07	6.47
2006,532105	13-Jul-2006	474990	346833.09	1.71	82.59	0.11	5.39	82.82	3.80	6.53
2006,559204	23-Jul-2006	466158	342934.09	0.90	81.89	0.69	4.57	82.31	4.38	6.24
2006,586426	2-Aug-2006	467641	343127.19	1.27	83.30	1.26	4.96	83.73	4.95	5.78
2006,613525	11-Aug-2006	466053	343187.00	-0.92	86.05	2.09	2.76	86.41	5.78	5.48
2006,640747	21-Aug-2006	461079	340310.19	1.77	86.17	3.33	5.47	86.75	7.03	5.55
2006,667847	31-Aug-2006	457922	337688.69	5.40	89.09	4.83	9.13	89.90	8.54	5.93
2006,695068	10-Sep-2006	458823	339475.41	8.17	88.49	6.24	11.88	89.37	9.95	6.31
2006,722168	20-Sep-2006	448801	332846.81	10.45	89.18	7.25	14.16	90.14	10.97	6.48
2006,74939	30-Sep-2006	460704	339878.69	6.71	89.11	7.85	10.46	90.08	11.57	6.45
2006,776489	10-Oct-2006	457410	337307.00	6.72	90.04	8.17	10.44	91.02	11.89	6.41
2006,803711	20-Oct-2006	463368	340632.59	9.74	89.15	8.31	13.49	90.12	12.03	6.47
2006,830933	30-Oct-2006	204019	149808.09	9.68	90.20	8.17	13.29	91.15	11.90	6.53
2006,885254	19-Nov-2006	366782	267350.81	8.47	89.49	6.68	12.30	90.04	10.45	6.14
2006,912354	29-Nov-2006	475061	345326.69	3.50	87.61	5.70	7.28	88.01	9.49	5.95
2006,939575	8-Dec-2006	461326	333206.50	6.56	87.89	4.78	10.31	88.34	8.59	5.89
2006,966675	18-Dec-2006	479795	344599.31	3.55	86.47	3.89	7.41	86.75	7.71	5.88
2006,993897	28-Dec-2006	484008	347981.31	3.16	83.70	2.98	7.01	83.95	6.81	5.80
2007,020996	7-Jan-2007	480513	345550.50	2.01	82.69	2.13	5.87	82.73	5.98	5.71
2007,048218	17-Jan-2007	478495	344866.69	0.77	83.70	1.28	4.61	83.54	5.13	5.49
2007,075317	27-Jan-2007	478535	344773.50	-0.04	86.03	0.71	3.83	85.94	4.57	5.43
2007,102539	6-Feb-2007	482193	347595.91	-0.93	86.89	0.43	2.92	86.55	4.31	5.56
2007,129761	16-Feb-2007	477375	343469.59	-0.52	85.82	0.39	3.38	85.37	4.27	5.81
2007,15686	26-Feb-2007	481245	346485.00	3.13	88.15	0.41	7.04	87.81	4.31	6.08
2007,184082	8-Mar-2007	478752	345584.09	-0.10	90.13	0.38	3.77	89.78	4.29	6.25
2007,211182	18-Mar-2007	476954	344302.69	0.02	89.94	0.30	3.93	89.54	4.22	6.36
2007,238403	28-Mar-2007	477098	344197.31	-1.46	88.28	0.20	2.51	87.86	4.13	6.49
2007,265503	6-Apr-2007	476659	343231.00	1.67	89.12	0.03	5.63	88.86	3.98	6.59
2007,292725	16-Apr-2007	475841	342382.19	1.24	86.51	-0.31	5.21	86.11	3.65	6.56
2007,319824	26-Apr-2007	475043	342166.31	0.25	84.98	-0.84	4.21	84.57	3.12	6.35
2007,347046	6-May-2007	475774	342732.31	-4.66	85.19	-1.41	-0.69	84.74	2.55	6.11
2007,374146	16-May-2007	477550	344979.91	-1.60	85.22	-1.84	2.35	85.03	2.12	5.98
2007,401367	26-May-2007	473090	342113.69	-1.82	83.35	-2.05	2.13	83.26	1.92	5.99
2007,428589	5-Jun-2007	478194	346307.81	-2.38	83.07	-2.08	1.58	82.89	1.89	6.05
2007,455689	15-Jun-2007	474958	343853.09	-2.79	81.96	-1.99	1.18	81.78	1.98	6.05
2007,48291	25-Jun-2007	475229	345273.59	-1.26	83.99	-1.84	2.73	84.06	2.13	5.92
2007,51001	5-Jul-2007	474161	346150.19	-1.35	84.66	-1.62	2.61	84.79	2.36	5.65
2007,537231	15-Jul-2007	472106	345519.69	-1.68	82.16	-1.24	2.30	82.45	2.75	5.33
2007,564331	24-Jul-2007	464446	340716.09	-2.92	81.21	-0.60	1.08	81.44	3.39	5.07
2007,591553	3-Aug-2007	465478	342995.91	-1.06	83.11	0.27	2.93	83.42	4.26	4.88
2007,618652	13-Aug-2007	463210	340800.91	5.01	82.80	1.21	8.99	83.31	5.21	4.69
2007,645874	23-Aug-2007	461334	339989.19	2.07	82.64	2.07	6.09	83.32	6.07	4.37
2007,672974	2-Sep-2007	462666	341537.59	1.37	84.63	2.86	5.37	85.37	6.87	4.05
2007,700195	12-Sep-2007	460166	341047.69	2.26	86.17	3.67	6.27	86.95	7.69	3.87
2007,727417	22-Sep-2007	462923	342210.31	6.47	88.20	4.55	10.50	89.11	8.57	3.94
2007,754517	2-Oct-2007	464384	342669.59	5.67	88.27	5.42	9.70	89.33	9.45	4.25
2007,781738	12-Oct-2007	458575	337449.41	5.30	88.25	6.23	9.33	89.15	10.27	4.76
2007,808838	22-Oct-2007	465652	342829.50	7.91	87.30	6.97	11.94	88.26	11.01	5.47
2007,83606	1-Nov-2007	469975	344986.09	6.89	85.89	7.59	10.94	86.62	11.64	6.33
2007,863159	11-Nov-2007	473297	345780.41	8.73	85.74	7.91	12.78	86.27	11.97	7.14
2007,890381	20-Nov-2007	474650	345484.50	10.86	85.08	7.69	14.95	85.73	11.76	7.59
2007,917481	30-Nov-2007	473374	342683.00	8.88	83.80	6.81	12.96	84.41	10.89	7.50
2007,944702	10-Dec-2007	479715	346505.31	6.42	82.56	5.41	10.51	83.00	9.50	6.97
2007,971802	20-Dec-2007	478694	344845.09	0.64	81.73	3.92	4.75	81.86	8.01	6.34
2007,999023	30-Dec-2007	480235	346170.19	0.89	85.62	2.69	4.95	85.50	6.78	5.92
2008,026123	9-Jan-2008	480821	346281.81	1.81	85.64	1.82	5.95	85.49	5.92	5.78
2008,053223	19-Jan-2008	479854	346013.41	2.87	85.54	1.19	6.97	85.50	5.29	5.75
2008,080322	29-Jan-2008	478949	345440.69	0.92	86.08	0.66	5.00	85.94	4.76	5.70
2008,107422	8-Feb-2008	473657	342640.31	-2.72	89.45	0.24	1.38	89.07	4.35	5.66
2008,134522	18-Feb-2008	476326	344388.59	1.06	90.89	0.01	5.18	90.45	4.12	5.71
2008,161621	28-Feb-2008	477074	344915.31	-1.35	90.98	-0.05	2.77	90.36	4.07	5.87
2008,188721	9-Mar-2008	478417	345949.91	0.88	91.37	-0.11	5.00	90.75	4.03	6.02
2008,21582	18-Mar-2008	477046	344819.09	1.55	89.92	-0.34	5.69	89.37	3.82	6.00
2008,242798	28-Mar-2008	475431	342529.00	-1.12	90.21	-0.79	3.07	89.56	3.39	5.78
2008,269898	7-Apr-2008	472772	340283.81	-1.41	89.57	-1.33	2.80	88.91	2.87	5.52
2008,296997	17-Apr-2008	472393	340335.00	-2.02	89.42	-1.69	2.21	88.97	2.53	5.49
2008,324097	27-Apr-2008	472245	339858.81	-4.59	88.73	-1.57	-0.32	88.28	2.66	5.94
2008,351196	7-May-2008	209043	151166.59	-3.60	87.57	-0.86	0.63	87.22	3.37	6.98
2008,378296	17-May-2008	475778	342512.59	1.52	85.02	0.25	5.76	85.02	4.49	8.38
2008,405396	27-May-2008	479722	346259.50	3.71	85.59	1.40	7.96	85.60	5.64	9.73
2008,432495	6-Jun-2008	477387	345775.81	2.76	85.19	2.29	7.00	85.17	6.53	10.69
2008,459595	16-Jun-2008	474771	345555.81	3.01	82.61	2.84	7.23	82.68	7.08	11.13
2008,486694	26-Jun-2008	474275	345087.59	3.49	83.20	3.15	7.72	83.59	7.38	11.12
2008,513794	6-Jul-2008	475170	346068.09	3.20	82.82	3.38	7.46	83.30	7.62	10.83
2008,540894	15-Jul-2008	455535	334823.69	2.93	83.78	3.68	7.13	84.42	7.93	10.40
2008,567993	25-Jul-2008	466933	342763.69	4.00	85.75	4.15	8.26	86.43	8.41	9.96
2008,595093	4-Aug-2008	456021	335914.09	3.72	85.31	4.82	8.01	85.83	9.08	9.56
2008,622192	14-Aug-2008	464058	343322.31	6.02	85.67	5.65	10.27	86.40	9.92	9.25
2008,649292	24-Aug-2008	451789	334508.41	6.39	86.30	6.57	10.69	87.16	10.85	9.01
2008,67627	3-Sep-2008	455085	336686.59	8.20	87.03	7.51	12.50	88.09	11.80	8.85
2008,703369	13-Sep-2008	461597	340563.09	7.73	88.21	8.43	12.00	89.37	12.72	8.80
2008,730469	23-Sep-2008	461259	339971.09	9.61	87.92	9.30	13.90	89.09	13.59	8.88
2008,757568	3-Oct-2008	462183	339848.69	10.28	85.64	10.04	14.59	86.77	14.34	9.09
2008,784668	13-Oct-2008	465334	342821.91	11.72	87.24	10.58	16.03	88.40	14.88	9.35
2008,811768	23-Oct-2008	464363	342829.50	12.05	87.22	10.84	16.35	88.43	15.15	9.62
2008,838867	2-Nov-2008	465768	342818.59	10.27	85.73	10.87	14.58	86.71	15.20	9.93
2008,865967	11-Nov-2008	469660	343757.31	10.84	86.53	10.73	15.18	87.52	15.07	10.30
2008,893066	21-Nov-2008	473508	345052.19	9.39	87.23	10.38	13.76	88.16	14.74	10.64
2008,920166	1-Dec-2008	469751	340763.09	14.05	86.85	9.72	18.45	87.59	14.09	10.78
2008,947266	11-Dec-2008	476348	344780.69	9.27	85.95	8.73	13.64	86.58	13.10	10.65
2008,974365	21-Dec-2008	478144	346195.09	4.91	84.04	7.58	9.25	84.26	11.96	10.36
2009,001465	31-Dec-2008	484446	348691.91	6.14	86.26	6.51	10.53	86.23	10.88	10.09
2009,028565	10-Jan-2009	368297	265328.50	5.55	86.06	5.63	9.97	85.99	10.01	9.93
2009,055786	20-Jan-2009	475105	343304.91	5.60	85.20	4.97	9.91	85.26	9.36	9.87
2009,082886	30-Jan-2009	478423	344952.31	3.56	84.99	4.53	7.94	84.84	8.93	9.91
2009,110107	9-Feb-2009	481463	347044.50	2.53	85.93	4.35	6.99	85.64	8.76	10.10
2009,137207	19-Feb-2009	481081	346778.50	4.54	86.06	4.44	8.98	85.76	8.87	10.48
2009,164429	1-Mar-2009	477041	344127.09	4.86	86.63	4.69	9.30	86.41	9.14	10.96
2009,19165	10-Mar-2009	476608	343180.81	5.14	86.57	4.95	9.62	86.36	9.41	11.42
2009,21875	20-Mar-2009	476654	343032.19	6.22	85.90	5.06	10.70	85.63	9.53	11.73
2009,245972	30-Mar-2009	475373	342186.69	5.19	86.27	4.97	9.67	85.86	9.45	11.87
2009,273071	9-Apr-2009	478983	345650.69	4.89	86.66	4.72	9.38	86.30	9.20	11.89
2009,300293	19-Apr-2009	480783	346288.19	4.08	85.42	4.39	8.58	85.18	8.88	11.87
2009,327393	29-Apr-2009	463140	333436.19	3.64	84.39	4.05	8.14	84.13	8.55	11.88
2009,354614	9-May-2009	473448	341804.19	4.48	85.10	3.74	8.95	85.18	8.25	11.90
2009,381714	19-May-2009	478786	344563.81	3.27	83.55	3.53	7.80	83.65	8.04	11.97
2009,408936	29-May-2009	458633	331082.69	1.81	82.30	3.44	6.35	82.39	7.96	12.07
2009,436035	8-Jun-2009	471379	340957.91	3.54	82.23	3.52	8.05	82.60	8.04	12.19
2009,463257	18-Jun-2009	477223	346785.91	4.92	80.50	3.77	9.45	80.86	8.30	12.32
2009,490479	28-Jun-2009	468816	341273.31	3.27	78.71	4.25	7.82	79.24	8.79	12.47
2009,517578	7-Jul-2009	472709	345366.81	2.22	79.88	5.07	6.75	80.46	9.61	12.73
2009,5448	17-Jul-2009	466781	342844.31	5.42	80.54	6.25	9.97	81.21	10.79	13.14
2009,571899	27-Jul-2009	466050	342691.59	10.18	82.11	7.67	14.72	82.85	12.21	13.61
2009,599121	6-Aug-2009	465927	344146.81	8.63	83.32	9.19	13.18	84.41	13.73	14.04
2009,626221	16-Aug-2009	458260	338256.41	9.53	85.54	10.78	14.08	86.87	15.32	14.47
2009,653442	26-Aug-2009	461517	340791.00	11.83	85.83	12.45	16.39	87.19	17.00	14.98
2009,680542	5-Sep-2009	458154	339883.00	14.59	86.69	14.14	19.10	87.99	18.69	15.58
2009,707764	15-Sep-2009	459223	340840.19	17.65	87.76	15.65	22.22	89.30	20.21	16.15
2009,734863	25-Sep-2009	460158	340339.59	17.70	88.45	16.84	22.27	89.97	21.40	16.59
2009,762085	5-Oct-2009	461292	341662.69	17.44	87.66	17.66	22.01	89.29	22.22	16.90
2009,789307	15-Oct-2009	460242	339835.69	18.47	87.01	18.12	23.01	88.52	22.69	17.14
2009,816406	24-Oct-2009	462022	340873.41	19.67	88.37	18.20	24.25	89.99	22.79	17.29
2009,843628	3-Nov-2009	465209	342470.50	20.06	91.17	17.88	24.65	92.58	22.47	17.27
2009,870728	13-Nov-2009	469884	344705.59	15.64	88.86	17.18	20.26	89.97	21.79	17.12
2009,897949	23-Nov-2009	472514	344471.09	17.67	90.26	16.21	22.30	91.50	20.83	16.86
2009,925049	3-Dec-2009	472804	342932.59	15.63	89.48	15.10	20.23	90.52	19.73	16.58
2009,952271	13-Dec-2009	480214	345475.91	11.45	87.64	13.93	16.12	88.55	18.58	16.29
2009,97937	23-Dec-2009	482129	346366.41	15.09	89.16	12.73	19.74	90.13	17.39	15.95
2010,006592	2-Jan-2010	483391	347723.91	11.23	88.55	11.51	15.91	89.14	16.19	15.54
2010,033691	12-Jan-2010	478403	344297.81	10.38	87.33	10.40	15.07	87.58	15.08	15.12
2010,060913	22-Jan-2010	480770	346412.50	8.20	86.00	9.64	12.89	86.14	14.33	14.94
2010,088135	1-Feb-2010	479711	345718.31	5.19	86.04	9.42	9.87	85.99	14.13	15.19
2010,115234	11-Feb-2010	479643	345193.59	9.25	87.92	9.68	13.97	87.93	14.40	15.80
2010,142456	20-Feb-2010	481123	346728.19	12.89	88.65	10.00	17.63	88.78	14.74	16.39
2010,169556	2-Mar-2010	478419	344340.59	14.60	90.50	9.96	19.36	90.69	14.71	16.57
2010,196777	12-Mar-2010	476611	343645.59	7.21	87.55	9.50	11.96	87.35	14.27	16.31
2010,223877	22-Mar-2010	477782	344662.19	7.54	86.71	8.90	12.32	86.59	13.67	15.91
2010,251099	1-Apr-2010	478256	345082.59	7.19	87.79	8.45	11.98	87.67	13.24	15.71
2010,278198	11-Apr-2010	479481	345708.59	8.92	86.17	8.27	13.73	85.99	13.07	15.81
2010,30542	21-Apr-2010	477940	344339.41	8.77	85.05	8.30	13.55	84.76	13.10	16.16
2010,33252	1-May-2010	478844	345141.41	7.32	85.12	8.47	12.14	84.89	13.28	16.67
2010,359741	11-May-2010	477225	344023.31	7.53	85.40	8.78	12.37	85.41	13.60	17.31
2010,386963	21-May-2010	478057	345815.50	10.66	85.22	9.18	15.48	85.34	13.99	17.96
2010,414063	31-May-2010	476474	345817.19	9.61	83.76	9.54	14.42	83.98	14.35	18.48
2010,441284	10-Jun-2010	477803	346285.09	9.80	86.01	9.79	14.59	86.51	14.60	18.74
2010,468384	19-Jun-2010	476176	346236.31	10.67	85.65	9.91	15.49	86.13	14.71	18.68
2010,495606	29-Jun-2010	468484	343070.91	10.14	84.42	9.92	14.95	84.91	14.72	18.31
2010,522705	9-Jul-2010	467926	343467.81	8.78	83.60	9.90	13.57	84.29	14.70	17.69
2010,549927	19-Jul-2010	469097	345523.59	10.38	82.87	9.90	15.16	83.60	14.69	16.87
2010,577026	29-Jul-2010	458536	338516.50	10.36	83.26	9.94	15.15	84.00	14.74	15.94
2010,604248	8-Aug-2010	458901	341022.69	8.90	86.16	10.06	13.70	87.31	14.86	14.95
2010,631348	18-Aug-2010	459743	341207.00	11.04	86.86	10.31	15.84	88.09	15.11	14.04
2010,658569	28-Aug-2010	464192	344983.31	8.70	87.89	10.72	13.53	89.15	15.53	13.30
2010,685791	7-Sep-2010	459393	341548.41	11.73	89.54	11.29	16.54	90.88	16.10	12.80
2010,712891	17-Sep-2010	458324	340685.91	12.74	90.88	11.93	17.53	92.39	16.75	12.53
2010,740112	27-Sep-2010	462648	342510.91	12.45	90.39	12.55	17.31	91.65	17.38	12.45
2010,767212	7-Oct-2010	460581	341278.81	11.95	92.52	13.06	16.76	93.65	17.89	12.51
2010,794434	16-Oct-2010	459965	340287.00	15.68	92.75	13.30	20.54	94.09	18.14	12.58
2010,821533	26-Oct-2010	462458	341583.81	14.68	92.79	13.12	19.54	93.86	17.98	12.52
2010,848755	5-Nov-2010	463516	341958.00	12.95	92.88	12.48	17.78	93.74	17.35	12.24
2010,875855	15-Nov-2010	467909	344094.19	12.75	89.99	11.48	17.65	91.02	16.36	11.81
2010,903076	25-Nov-2010	471418	346241.41	8.63	90.85	10.35	13.53	91.49	15.25	11.43
2010,930176	5-Dec-2010	475174	347439.50	8.75	90.95	9.32	13.67	91.34	14.24	11.25
2010,957398	15-Dec-2010	474991	345499.19	7.62	89.70	8.48	12.59	89.86	13.41	11.28
2010,984619	25-Dec-2010	477691	346643.41	9.18	92.02	7.77	14.09	92.15	12.71	11.43
2011,011719	4-Jan-2011	481606	348244.81	6.53	92.20	7.11	11.50	92.20	12.06	11.55
2011,03894	14-Jan-2011	481574	347378.19	6.19	94.30	6.48	11.15	94.34	11.42	11.58
2011,06604	24-Jan-2011	481744	346823.41	6.10	93.24	5.88	11.07	92.95	10.83	11.53
2011,093262	3-Feb-2011	482071	348094.50	4.95	92.00	5.34	9.89	91.63	10.30	11.43
2011,120361	12-Feb-2011	476121	343684.19	4.48	91.88	4.85	9.33	91.49	9.82	11.27
2011,147583	22-Feb-2011	479307	345652.81	4.86	92.16	4.37	9.87	91.87	9.35	11.05
2011,174683	4-Mar-2011	478761	345257.59	4.21	93.03	3.84	9.27	92.80	8.84	10.73
2011,201904	14-Mar-2011	480075	346498.41	4.33	92.92	3.31	9.35	92.46	8.33	10.41
2011,229004	24-Mar-2011	478205	344821.81	-0.29	93.86	2.87	4.75	93.13	7.91	10.19
2011,256226	3-Apr-2011	476367	343001.50	3.09	93.23	2.60	8.15	92.67	7.65	10.17
2011,283447	13-Apr-2011	477653	344262.50	3.56	93.29	2.48	8.60	92.82	7.54	10.34
2011,310547	23-Apr-2011	478871	345485.69	2.32	92.85	2.53	7.39	92.40	7.60	10.72
2011,337769	3-May-2011	479826	346015.91	-0.27	90.01	2.78	4.81	89.59	7.86	11.31
2011,364868	13-May-2011	479939	345509.19	4.22	88.28	3.27	9.31	87.99	8.35	12.11
2011,39209	23-May-2011	481483	347363.50	4.76	86.06	3.94	9.85	85.92	9.03	13.04
2011,41919	2-Jun-2011	480212	346448.81	2.97	85.82	4.70	8.07	85.81	9.78	13.92
2011,446411	11-Jun-2011	475744	345805.09	5.82	83.86	5.42	10.89	84.07	10.50	14.62
2011,473511	21-Jun-2011	478663	348218.09	8.61	83.93	6.02	13.66	84.38	11.10	15.01
2011,500732	1-Jul-2011	470762	344351.31	5.87	83.15	6.55	10.97	83.52	11.62	15.11
2011,527832	11-Jul-2011	473616	346643.19	5.72	81.63	7.20	10.77	82.03	12.27	15.12
2011,555054	21-Jul-2011	472450	347281.00	6.08	82.50	8.20	11.15	83.34	13.28	15.29
2011,582275	31-Jul-2011	465730	343337.91	8.61	84.08	9.62	13.69	84.97	14.70	15.70
2011,609375	10-Aug-2011	459917	339730.09	12.57	84.91	11.25	17.64	85.94	16.33	16.21
2011,636597	20-Aug-2011	458528	338806.91	13.73	87.28	12.79	18.81	88.55	17.87	16.57
2011,663696	30-Aug-2011	461230	340804.41	15.82	88.41	14.02	20.92	89.84	19.10	16.66
2011,690918	9-Sep-2011	463982	342914.81	15.06	90.42	14.98	20.14	91.86	20.06	16.57
2011,718018	19-Sep-2011	464295	344012.50	13.80	89.26	15.81	18.88	90.63	20.90	16.53
2011,745239	29-Sep-2011	460432	341363.50	16.52	89.87	16.55	21.64	91.17	21.65	16.61
2011,772339	8-Oct-2011	418017	308500.81	19.10	90.38	17.05	24.15	91.91	22.15	16.71
2011,799561	18-Oct-2011	464839	341480.59	20.83	91.82	17.09	25.96	93.52	22.20	16.64
2011,82666	28-Oct-2011	465495	342626.59	16.16	91.09	16.71	21.23	92.48	21.83	16.41
2011,853882	7-Nov-2011	470639	344101.91	13.74	90.37	16.18	18.90	91.61	21.32	16.30
2011,881104	17-Nov-2011	474877	346381.50	14.59	87.34	15.77	19.77	88.36	20.93	16.51
2011,908203	27-Nov-2011	476863	346574.09	17.44	88.11	15.55	22.64	89.16	20.73	17.06
2011,935425	7-Dec-2011	476227	345307.69	14.98	86.14	15.45	20.15	87.30	20.64	17.81
2011,962524	17-Dec-2011	480483	347011.81	15.12	86.26	15.42	20.34	87.14	20.62	18.66
2011,989746	27-Dec-2011	481487	348340.50	14.29	87.68	15.44	19.49	88.30	20.65	19.52
2012,016846	6-Jan-2012	480707	347142.50	16.81	84.36	15.49	22.03	84.97	20.70	20.32
2012,043945	16-Jan-2012	482556	347650.59	15.05	83.88	15.49	20.26	84.31	20.71	20.98
2012,071045	26-Jan-2012	482041	347813.50	16.70	86.00	15.36	21.94	86.23	20.59	21.38
2012,098145	4-Feb-2012	478068	345272.59	14.40	86.22	15.06	19.61	86.53	20.29	21.49
2012,125244	14-Feb-2012	478554	344419.59	15.73	88.02	14.64	20.99	88.11	19.87	21.37
2012,152344	24-Feb-2012	478860	345203.00	14.10	88.06	14.18	19.37	88.03	19.42	21.15
2012,179321	5-Mar-2012	478946	347099.91	12.13	89.58	13.82	17.34	89.54	19.06	20.98
2012,206421	15-Mar-2012	476584	344903.31	13.25	90.93	13.62	18.46	90.82	18.87	20.98
2012,233521	25-Mar-2012	474451	342548.19	14.44	89.42	13.56	19.71	89.37	18.83	21.15
2012,26062	4-Apr-2012	473592	341526.59	13.10	90.11	13.56	18.40	90.09	18.85	21.41
2012,28772	14-Apr-2012	475051	343033.09	13.61	89.24	13.58	18.93	89.28	18.89	21.74
2012,314819	24-Apr-2012	476841	344270.59	13.80	89.73	13.59	19.15	89.85	18.91	22.08
2012,341919	4-May-2012	475528	343385.41	13.52	89.64	13.60	18.84	89.83	18.93	22.43
2012,369019	14-May-2012	478620	344830.69	14.05	88.01	13.72	19.39	88.55	19.05	22.85
2012,396118	23-May-2012	385039	277624.91	12.00	85.14	14.02	17.34	85.63	19.36	23.40
2012,423218	2-Jun-2012	478130	346328.31	13.52	85.56	14.58	18.87	86.11	19.91	24.06
2012,450317	12-Jun-2012	478272	346234.59	17.42	85.68	15.37	22.76	86.41	20.71	24.82
2012,477417	22-Jun-2012	477592	347357.91	15.00	84.80	16.37	20.31	85.80	21.70	25.57
2012,504517	2-Jul-2012	476338	347311.81	15.53	84.64	17.56	20.89	85.68	22.89	26.30
2012,531616	12-Jul-2012	467122	343110.09	19.53	85.46	18.85	24.85	86.83	24.18	26.93
2012,558716	22-Jul-2012	469483	345240.81	22.18	86.45	20.05	27.52	87.97	25.38	27.26
2012,585815	1-Aug-2012	463745	341721.31	21.50	87.59	21.06	26.78	89.24	26.38	27.24
2012,612793	11-Aug-2012	463028	341944.31	22.34	88.56	21.92	27.69	90.48	27.24	26.97
2012,639893	21-Aug-2012	463417	343080.81	19.66	89.09	22.84	24.98	91.07	28.18	26.74
2012,666992	31-Aug-2012	461938	342101.00	24.87	90.24	23.99	30.22	92.36	29.33	26.75
2012,694092	10-Sep-2012	461907	342748.31	24.13	88.59	25.31	29.46	90.66	30.66	27.05
2012,721191	19-Sep-2012	459753	341161.00	28.37	89.61	26.57	33.74	91.75	31.93	27.47
2012,748291	29-Sep-2012	459839	339622.41	28.60	91.60	27.52	33.99	93.83	32.87	27.77
2012,775391	9-Oct-2012	463565	341317.31	29.93	89.90	28.00	35.27	92.16	33.36	27.89
2012,80249	19-Oct-2012	463127	340602.41	28.07	88.91	28.05	33.40	91.04	33.43	27.87
2012,82959	29-Oct-2012	467626	344229.00	27.34	88.36	27.83	32.74	90.54	33.22	27.84
2012,85669	8-Nov-2012	468673	344378.81	27.96	87.26	27.48	33.35	89.22	32.89	27.92
2012,883789	18-Nov-2012	472957	345007.31	27.06	86.27	27.09	32.48	88.07	32.52	28.17
2012,910889	28-Nov-2012	478004	346929.41	25.77	84.91	26.68	31.24	86.62	32.12	28.53
2012,937988	8-Dec-2012	479243	346394.69	28.34	84.91	26.19	33.84	86.48	31.66	28.91
2012,965088	18-Dec-2012	478341	344931.31	24.41	85.52	25.64	29.86	86.77	31.11	29.22
2012,992188	28-Dec-2012	480556	346652.91	25.67	85.78	25.04	31.16	86.95	30.53	29.47
2013,019287	7-Jan-2013	484195	348886.50	23.94	84.82	24.47	29.44	85.74	29.96	29.64
2013,046509	16-Jan-2013	480765	346942.69	23.05	86.71	23.96	28.56	87.50	29.47	29.79
2013,073608	26-Jan-2013	475029	342997.69	24.70	86.32	23.52	30.20	87.18	29.04	29.87
2013,10083	5-Feb-2013	468987	337393.41	22.95	85.21	23.16	28.49	86.10	28.68	29.91
2013,12793	15-Feb-2013	478753	345100.69	21.38	85.99	22.86	26.91	86.35	28.40	29.93
2013,155151	25-Feb-2013	480658	347112.81	22.99	88.55	22.62	28.53	88.86	28.17	29.92
2013,182251	7-Mar-2013	476845	345216.91	23.56	89.62	22.35	29.10	90.03	27.92	29.86
2013,209473	17-Mar-2013	477810	343770.31	21.78	90.06	21.96	27.39	90.49	27.55	29.68
2013,236572	27-Mar-2013	127800	91065.60	21.80	87.83	21.41	27.32	88.39	27.02	29.36
2013,263794	6-Apr-2013	319572	230766.20	21.96	90.70	20.76	27.71	91.03	26.37	28.96
2013,290894	16-Apr-2013	479245	344691.59	17.64	88.35	20.07	23.26	88.56	25.69	28.58
2013,318115	26-Apr-2013	477818	343964.00	20.09	91.06	19.37	25.71	91.51	25.00	28.21
2013,345337	6-May-2013	479207	345796.19	20.22	92.21	18.64	25.79	92.84	24.26	27.80
2013,372437	15-May-2013	479795	346341.41	17.68	90.72	17.86	23.33	91.17	23.49	27.33
2013,399658	25-May-2013	477877	344535.09	15.85	89.57	17.17	21.53	89.87	22.79	26.85
2013,426758	4-Jun-2013	476725	345121.41	15.83	88.11	16.71	21.46	88.49	22.34	26.50
2013,45398	14-Jun-2013	475192	346216.19	15.42	86.16	16.61	21.02	86.84	22.23	26.32
2013,481079	24-Jun-2013	472195	345531.81	17.53	84.56	16.87	23.12	85.49	22.49	26.31
2013,508301	4-Jul-2013	469443	344111.09	15.66	84.81	17.46	21.29	86.03	23.07	26.40
2013,5354	14-Jul-2013	466805	343903.00	17.45	84.38	18.24	23.05	85.72	23.85	26.48
2013,562622	24-Jul-2013	461351	341483.19	20.83	86.11	19.06	26.44	87.58	24.68	26.42
2013,589722	3-Aug-2013	462272	341944.00	21.74	85.31	19.81	27.37	87.10	25.44	26.13
2013,616943	13-Aug-2013	460459	342003.09	17.81	86.09	20.56	23.45	87.82	26.18	25.73
2013,644043	23-Aug-2013	460966	342653.50	20.71	86.13	21.44	26.36	88.11	27.06	25.44
2013,671265	2-Sep-2013	326536	242340.50	22.31	85.85	22.53	27.83	87.99	28.16	25.41
2013,698486	11-Sep-2013	232596	173703.41	24.26	87.78	23.75	29.97	89.87	29.38	25.62
2013,725586	21-Sep-2013	457947	340905.59	25.46	89.99	24.94	31.10	91.96	30.58	26.00
2013,752808	1-Oct-2013	458345	340103.00	26.45	91.65	25.98	32.10	93.77	31.62	26.44
2013,779907	11-Oct-2013	462750	342595.81	26.50	90.78	26.80	32.14	93.05	32.44	26.94
2013,807129	21-Oct-2013	462180	342314.50	28.78	89.77	27.30	34.39	92.01	32.95	27.40
2013,834229	31-Oct-2013	463747	343079.41	28.86	90.74	27.41	34.50	93.16	33.07	27.74
2013,86145	10-Nov-2013	465668	344064.50	27.40	88.02	27.06	33.07	90.17	32.74	27.87
2013,88855	20-Nov-2013	469982	344783.09	27.36	87.47	26.32	33.07	89.53	32.02	27.80
2013,915772	30-Nov-2013	473676	346124.81	26.59	87.55	25.36	32.34	89.49	31.07	27.63
2013,942871	10-Dec-2013	476189	345608.09	21.36	85.76	24.41	27.07	87.48	30.13	27.54
2013,970093	20-Dec-2013	476406	345772.59	23.09	86.97	23.67	28.80	88.48	29.39	27.66
2013,997315	30-Dec-2013	478664	346049.09	24.15	86.05	23.17	29.83	87.31	28.90	27.99
2014,024414	8-Jan-2014	483061	347949.00	22.15	85.52	22.88	27.90	86.62	28.61	28.42
2014,051636	18-Jan-2014	482798	347432.19	22.75	85.88	22.77	28.54	86.94	28.51	28.94
2014,078735	28-Jan-2014	479559	346177.91	21.48	87.41	22.85	27.20	88.29	28.60	29.52
2014,105957	7-Feb-2014	482233	347602.19	22.35	87.68	23.11	28.12	88.48	28.87	30.16
2014,133057	17-Feb-2014	482671	347829.81	24.91	88.30	23.41	30.68	89.04	29.17	30.75
2014,160278	27-Feb-2014	431256	312002.00	24.51	90.21	23.57	30.23	90.91	29.33	31.12
2014,187378	9-Mar-2014	477867	344951.41	23.59	89.24	23.48	29.36	89.87	29.25	31.23
2014,2146	19-Mar-2014	479499	345525.81	23.17	89.66	23.10	28.98	90.29	28.90	31.07
2014,241699	29-Mar-2014	478865	345488.50	23.77	88.79	22.45	29.54	89.57	28.27	30.65
2014,268921	8-Apr-2014	479944	345925.50	22.11	87.09	21.58	27.97	87.75	27.42	30.06
2014,296143	18-Apr-2014	476251	342600.59	20.52	86.60	20.59	26.38	87.33	26.45	29.40
2014,323242	27-Apr-2014	420393	301483.50	18.32	87.45	19.68	24.26	88.47	25.55	28.82
2014,350464	7-May-2014	478769	345405.41	18.46	86.60	19.02	24.31	87.60	24.91	28.51
2014,377564	17-May-2014	479187	344317.41	17.51	87.22	18.72	23.42	88.04	24.62	28.51
2014,404785	27-May-2014	478023	344874.91	18.85	86.06	18.82	24.77	87.01	24.71	28.80
2014,431885	6-Jun-2014	477754	345367.41	18.06	85.82	19.31	23.94	86.75	25.20	29.36
2014,459106	16-Jun-2014	470895	342392.50	18.96	83.64	20.16	24.86	85.08	26.05	30.10
2014,486206	26-Jun-2014	468899	343552.41	20.97	83.72	21.29	26.87	85.46	27.17	30.91
2014,513428	6-Jul-2014	468868	344716.69	23.58	83.48	22.54	29.46	85.45	28.41	31.63
2014,540527	16-Jul-2014	465127	343136.50	24.65	84.05	23.79	30.50	85.92	29.66	32.14
2014,567749	26-Jul-2014	459180	340510.09	22.99	85.54	25.00	28.86	87.57	30.87	32.42
2014,594971	5-Aug-2014	456455	340361.00	27.20	87.02	26.18	33.01	89.37	32.04	32.52
2014,62207	15-Aug-2014	458427	340973.81	27.89	87.79	27.26	33.77	90.41	33.13	32.46
2014,649292	24-Aug-2014	456821	338849.31	28.70	88.90	28.21	34.60	91.63	34.09	32.25
2014,676392	3-Sep-2014	455203	338018.09	28.94	90.28	29.04	34.82	93.11	34.92	31.97
2014,703613	13-Sep-2014	455496	338487.69	30.31	92.75	29.84	36.21	95.59	35.73	31.80
2014,730713	23-Sep-2014	457462	340403.69	28.58	91.69	30.67	34.48	94.47	36.57	31.86
2014,757935	3-Oct-2014	459238	340094.19	31.46	91.60	31.44	37.35	94.33	37.35	32.09
2014,785034	13-Oct-2014	461799	340725.09	35.62	93.58	31.91	41.51	96.44	37.83	32.30
2014,812256	23-Oct-2014	461771	340329.59	33.98	92.17	31.86	39.94	95.04	37.79	32.26
2014,839356	2-Nov-2014	465705	342572.50	30.52	92.72	31.37	36.48	95.35	37.33	32.07
2014,866577	12-Nov-2014	468775	343399.59	30.52	93.12	30.81	36.46	95.68	36.78	32.02
2014,893799	22-Nov-2014	474992	345894.50	27.14	90.87	30.48	33.15	93.27	36.47	32.39
2014,920898	2-Dec-2014	479333	347903.50	28.74	88.91	30.43	34.76	91.51	36.44	33.16
2014,94812	12-Dec-2014	430588	312254.31	36.08	91.73	30.39	42.03	94.08	36.40	33.98
2014,97522	21-Dec-2014	400953	289318.09	31.34	90.27	30.11	37.46	92.35	36.14	34.57
2015,002441	31-Dec-2014	480615	347164.59	26.10	88.92	29.71	32.17	90.57	35.75	34.98
2015,029541	10-Jan-2015	480256	347272.41	28.64	90.52	29.49	34.61	92.21	35.53	35.47
2015,056763	20-Jan-2015	477225	344212.19	28.65	88.82	29.65	34.68	90.45	35.68	36.21
2015,083862	30-Jan-2015	483777	348814.09	30.55	91.44	30.11	36.60	93.14	36.14	37.14
2015,111084	9-Feb-2015	483733	348357.81	30.25	92.57	30.62	36.29	93.99	36.65	38.00
2015,138184	19-Feb-2015	479571	346446.41	33.58	93.36	30.94	39.57	95.10	36.96	38.58
2015,165405	1-Mar-2015	475346	342967.41	31.58	91.41	30.97	37.58	93.02	37.01	38.84
2015,192627	11-Mar-2015	478192	345042.69	29.65	93.31	30.82	35.66	94.79	36.87	38.88
2015,219727	21-Mar-2015	471586	339218.91	29.92	94.59	30.61	36.05	96.05	36.69	38.90
2015,246948	31-Mar-2015	480463	345936.00	31.18	94.76	30.43	37.28	96.23	36.53	38.96
2015,274048	10-Apr-2015	480858	345897.81	30.19	95.04	30.20	36.32	96.36	36.32	39.02
2015,30127	19-Apr-2015	478175	343954.41	30.78	95.22	29.84	36.87	96.68	35.98	38.99
2015,328369	29-Apr-2015	473249	340505.91	30.35	93.70	29.41	36.55	95.24	35.56	38.90
2015,355591	9-May-2015	479450	344907.41	27.41	93.85	29.11	33.62	95.48	35.27	38.93
2015,38269	19-May-2015	478025	345402.41	26.19	94.21	29.19	32.33	95.83	35.35	39.28
2015,409912	29-May-2015	475422	343087.91	29.73	95.36	29.75	35.88	97.00	35.91	40.02
2015,437012	8-Jun-2015	477649	345750.31	30.58	95.99	30.70	36.74	97.54	36.85	41.00
2015,464233	18-Jun-2015	469790	342549.09	32.13	95.48	31.83	38.25	97.49	37.98	41.99
2015,491455	28-Jun-2015	469412	344110.59	33.52	96.92	32.99	39.67	99.28	39.14	42.80
2015,518555	8-Jul-2015	468089	343287.91	33.25	97.78	34.13	39.43	100.30	40.29	43.38
2015,545776	18-Jul-2015	461755	340593.59	35.78	97.56	35.27	41.94	100.25	41.44	43.76
2015,572876	28-Jul-2015	462545	341309.09	36.43	101.76	36.47	42.61	104.49	42.65	44.01
2015,600098	7-Aug-2015	463893	342477.31	37.58	103.78	37.80	43.79	106.85	43.98	44.25
2015,627197	16-Aug-2015	460938	341879.31	36.53	103.94	39.26	42.70	106.89	45.44	44.55
2015,654419	26-Aug-2015	454170	337625.91	43.20	106.19	40.76	49.40	109.50	46.95	44.89
2015,681519	5-Sep-2015	459534	340534.81	43.35	109.83	42.16	49.53	113.10	48.35	45.20
2015,70874	15-Sep-2015	463665	343614.19	42.93	107.54	43.35	49.12	110.75	49.54	45.45
2015,73584	25-Sep-2015	460182	341147.09	44.27	109.91	44.32	50.47	113.13	50.52	45.68
2015,763062	5-Oct-2015	458036	340294.00	45.57	113.82	45.05	51.75	117.12	51.25	45.92
2015,790283	15-Oct-2015	461886	340445.19	46.47	114.25	45.42	52.68	117.46	51.63	46.08
2015,817383	25-Oct-2015	456934	336239.91	48.42	115.32	45.34	54.61	118.57	51.56	46.06
2015,844605	4-Nov-2015	466593	341585.69	44.61	113.94	44.82	50.87	116.93	51.05	45.87
2015,871704	14-Nov-2015	462852	337866.19	41.85	112.08	43.99	48.06	115.02	50.23	45.59
2015,898926	24-Nov-2015	474976	345560.91	45.30	112.71	42.96	51.58	115.54	49.21	45.27
2015,926025	3-Dec-2015	476638	345191.81	42.90	111.07	41.76	49.15	113.87	48.03	44.91
2015,953247	13-Dec-2015	477871	344319.50	39.71	108.00	40.55	46.00	110.36	46.82	44.56
2015,980347	23-Dec-2015	480681	346961.31	38.14	107.22	39.58	44.41	109.52	45.86	44.45
2016,007568	2-Jan-2016	478886	344882.50	35.56	104.74	39.06	41.83	106.80	45.35	44.72
2016,034668	12-Jan-2016	476925	342558.50	39.40	106.99	38.98	45.74	109.05	45.28	45.34
2016,061768	22-Jan-2016	480386	345438.50	41.90	106.35	39.12	48.24	108.39	45.42	46.04
2016,088867	1-Feb-2016	476861	344438.09	37.47	103.46	39.24	43.71	105.48	45.56	46.63
2016,115967	11-Feb-2016	481425	347132.69	40.01	101.54	39.28	46.33	103.56	45.60	47.01
2016,142944	21-Feb-2016	479171	345120.19	39.23	101.66	39.24	45.58	103.75	45.58	47.24
2016,170044	2-Mar-2016	477248	343429.69	39.39	102.80	39.13	45.79	104.73	45.49	47.35
2016,197144	12-Mar-2016	477533	344235.69	37.82	102.98	38.90	44.18	104.52	45.27	47.31
2016,224243	22-Mar-2016	455818	329633.19	41.53	103.03	38.42	47.88	104.65	44.79	47.03
2016,251343	31-Mar-2016	477397	344744.69	37.81	102.11	37.59	44.16	103.60	43.98	46.45
2016,278442	10-Apr-2016	477114	343418.41	37.16	101.07	36.48	43.59	102.73	42.89	45.64
2016,305542	20-Apr-2016	478169	344045.00	34.32	98.47	35.30	40.78	100.28	41.73	44.79
2016,332642	30-Apr-2016	474459	341277.69	33.45	98.17	34.34	39.92	99.98	40.79	44.18
2016,359741	10-May-2016	478722	345112.19	31.97	97.46	33.86	38.44	99.25	40.32	44.03
2016,386841	20-May-2016	478612	345389.19	31.72	97.47	33.91	38.20	99.36	40.38	44.35
2016,41394	30-May-2016	476509	344062.50	35.32	98.80	34.35	41.73	100.50	40.82	44.95
2016,44104	9-Jun-2016	469658	340378.91	35.33	97.60	34.90	41.83	99.57	41.37	45.51
2016,46814	19-Jun-2016	473193	343906.91	36.79	97.27	35.27	43.31	99.59	41.75	45.72
2016,495239	29-Jun-2016	474528	344815.59	35.73	96.77	35.37	42.18	99.16	41.84	45.43
2016,522339	9-Jul-2016	470473	343472.81	35.12	94.34	35.25	41.59	96.90	41.72	44.72
2016,549316	19-Jul-2016	466985	342067.81	35.46	93.28	35.09	41.92	96.22	41.56	43.76
2016,576416	28-Jul-2016	468475	342720.19	33.80	93.53	35.15	40.27	96.33	41.61	42.83
2016,603516	7-Aug-2016	467588	343101.91	33.79	93.55	35.64	40.27	96.44	42.11	42.23
2016,630615	17-Aug-2016	462088	340464.59	34.00	94.48	36.64	40.45	97.32	43.11	42.07
2016,657715	27-Aug-2016	457989	338910.41	39.34	95.93	37.91	45.82	99.32	44.38	42.18
2016,684815	6-Sep-2016	464620	342393.59	41.43	95.96	39.08	47.90	99.40	45.55	42.28
2016,711914	16-Sep-2016	464740	342121.69	41.84	95.05	39.93	48.31	98.62	46.41	42.22
2016,739014	26-Sep-2016	466099	342596.31	39.32	95.13	40.53	45.78	98.67	47.01	42.10
2016,766113	6-Oct-2016	465051	341673.59	38.70	96.30	41.13	45.19	99.69	47.62	42.25
2016,793213	16-Oct-2016	469591	343936.19	42.33	97.09	41.88	48.80	100.58	48.38	42.82
2016,820313	26-Oct-2016	467317	340722.31	43.62	95.91	42.69	50.16	99.60	49.21	43.74
2016,847412	5-Nov-2016	469138	342933.50	43.68	96.83	43.31	50.19	100.23	49.84	44.71
2016,874512	15-Nov-2016	472052	343185.31	44.86	95.63	43.46	51.43	98.80	50.01	45.43
2016,901611	24-Nov-2016	478495	346453.91	46.29	95.08	43.00	52.90	98.17	49.56	45.70
2016,928711	4-Dec-2016	412712	297914.19	42.17	91.38	41.98	48.75	94.21	48.53	45.49
2016,955811	14-Dec-2016	480846	346842.09	39.61	90.04	40.60	46.09	92.86	47.16	44.98
2016,982788	24-Dec-2016	480430	347839.59	39.14	89.49	39.14	45.67	92.07	45.70	44.36
2017,01001	3-Jan-2017	485347	349233.19	36.94	87.24	37.77	43.54	89.60	44.34	43.78
2017,037109	13-Jan-2017	482567	347264.31	37.17	88.36	36.55	43.79	90.40	43.14	43.26
2017,064331	23-Jan-2017	479200	344826.31	34.80	87.91	35.56	41.36	89.71	42.15	42.82
2017,091431	2-Feb-2017	479859	345492.69	33.46	87.36	34.87	40.08	88.98	41.48	42.59
2017,118652	12-Feb-2017	478434	344268.50	33.39	90.07	34.57	40.01	91.75	41.20	42.64
2017,145752	22-Feb-2017	479643	344784.50	34.51	88.39	34.85	41.16	90.14	41.48	43.16
2017,172974	4-Mar-2017	483270	347856.00	34.47	90.15	35.18	41.14	91.61	41.82	43.70
2017,200073	14-Mar-2017	476093	343366.59	35.41	92.77	35.46	42.05	94.19	42.10	44.17
2017,227295	23-Mar-2017	476915	343784.59	36.92	94.69	35.64	43.54	96.08	42.29	44.55
2017,254517	2-Apr-2017	475783	343274.31	37.43	94.12	35.77	44.05	95.79	42.41	44.91
2017,281616	12-Apr-2017	478451	344591.19	36.33	92.26	35.85	43.04	94.05	42.49	45.27